customer_id,signup_date,channel,region,age_group,gender,risk_segment,kyc_submit_date,kyc_approved_date,activate_date,card_activate_date
C100000,2024-01-01,organic,CanTho,25-34,M,low,,,,
C100001,2024-01-01,organic,CanTho,55+,M,medium,2024-01-07,2024-01-10,,
C100002,2024-01-01,organic,HCMC,35-44,F,medium,2024-01-03,2024-01-05,2024-01-05,
C100003,2024-01-01,organic,Hanoi,35-44,F,medium,2024-01-07,2024-01-09,2024-01-10,2024-01-10
C100004,2024-01-02,organic,Hanoi,18-24,M,high,,,,
C100005,2024-01-02,referral,Hanoi,35-44,F,high,,,,
C100006,2024-01-03,paid,Hanoi,35-44,Other,low,2024-01-05,2024-01-08,,
C100007,2024-01-03,paid,Hanoi,35-44,F,low,2024-01-05,2024-01-06,,
C100008,2024-01-03,organic,Hanoi,35-44,M,low,2024-01-07,2024-01-10,2024-01-11,2024-01-14
C100009,2024-01-04,organic,Hanoi,45-54,F,low,2024-01-06,2024-01-08,2024-01-12,2024-01-19
C100010,2024-01-06,paid,HCMC,35-44,F,medium,2024-01-10,2024-01-12,2024-01-15,
C100011,2024-01-06,paid,HCMC,35-44,F,medium,,,,
C100012,2024-01-06,organic,HCMC,25-34,M,low,2024-01-10,2024-01-13,2024-01-15,2024-01-19
C100013,2024-01-07,organic,CanTho,25-34,M,low,2024-01-13,2024-01-14,2024-01-14,
C100014,2024-01-07,paid,Hanoi,35-44,M,low,2024-01-07,2024-01-09,,
C100015,2024-01-07,campaign,Hanoi,45-54,M,medium,2024-01-08,2024-01-10,,
C100016,2024-01-08,organic,HaiPhong,35-44,M,high,,,,
C100017,2024-01-08,organic,HCMC,18-24,M,low,2024-01-10,2024-01-13,2024-01-16,
C100018,2024-01-09,paid,HCMC,25-34,F,low,,,,
C100019,2024-01-09,organic,HCMC,35-44,M,medium,,,,
C100020,2024-01-11,paid,CanTho,35-44,M,low,2024-01-13,2024-01-15,2024-01-16,
C100021,2024-01-11,campaign,Hanoi,45-54,M,low,2024-01-17,2024-01-20,2024-01-20,
C100022,2024-01-12,organic,HCMC,55+,F,high,2024-01-18,2024-01-21,2024-01-24,
C100023,2024-01-12,paid,HCMC,45-54,M,high,2024-01-13,2024-01-17,2024-01-17,2024-01-22
C100024,2024-01-13,organic,HCMC,35-44,M,low,2024-01-15,2024-01-18,2024-01-22,2024-01-27
C100025,2024-01-15,paid,CanTho,35-44,M,low,2024-01-18,2024-01-20,2024-01-24,2024-01-29
C100026,2024-01-15,campaign,HCMC,45-54,M,high,,,,
C100027,2024-01-17,paid,CanTho,18-24,F,high,,,,
C100028,2024-01-17,organic,DaNang,25-34,M,low,2024-01-22,2024-01-25,2024-01-28,2024-02-06
C100029,2024-01-17,organic,HaiPhong,18-24,F,low,2024-01-20,2024-01-24,2024-01-28,2024-02-04
C100030,2024-01-17,paid,Hanoi,35-44,M,medium,2024-01-23,2024-01-27,,
C100031,2024-01-17,referral,HCMC,45-54,F,low,2024-01-20,2024-01-21,2024-01-21,2024-01-27
C100032,2024-01-19,paid,Hanoi,18-24,M,low,2024-01-19,2024-01-20,2024-01-23,2024-01-26
C100033,2024-01-20,paid,CanTho,18-24,M,low,2024-01-20,2024-01-22,2024-01-26,
C100034,2024-01-20,referral,CanTho,25-34,M,low,2024-01-25,2024-01-28,2024-02-01,
C100035,2024-01-22,organic,HCMC,35-44,F,low,2024-01-23,2024-01-24,2024-01-28,2024-01-31
C100036,2024-01-22,campaign,Hanoi,25-34,M,low,2024-01-22,2024-01-26,2024-01-29,
C100037,2024-01-22,paid,DaNang,25-34,F,medium,2024-01-25,2024-01-29,2024-02-01,2024-02-06
C100038,2024-01-23,organic,HCMC,25-34,M,high,2024-01-26,2024-01-27,2024-01-30,2024-02-06
C100039,2024-01-23,referral,HCMC,25-34,M,low,2024-01-24,2024-01-28,2024-01-29,
C100040,2024-01-26,organic,HCMC,25-34,F,low,,,,
C100041,2024-01-29,organic,Hanoi,35-44,F,low,,,,
C100042,2024-01-29,organic,HCMC,35-44,F,medium,2024-02-02,2024-02-03,2024-02-05,2024-02-10
C100043,2024-01-29,paid,DaNang,25-34,Other,medium,2024-01-29,2024-02-01,2024-02-01,2024-02-02
C100044,2024-01-30,organic,Hanoi,25-34,F,low,2024-02-05,2024-02-09,2024-02-10,2024-02-16
C100045,2024-01-30,paid,CanTho,18-24,M,medium,2024-01-30,2024-02-02,2024-02-04,2024-02-11
C100046,2024-01-30,organic,Hanoi,55+,M,low,2024-02-01,2024-02-02,2024-02-03,
C100047,2024-01-30,paid,Hanoi,18-24,M,low,2024-01-31,2024-02-03,,
C100048,2024-01-30,organic,HCMC,25-34,F,low,2024-01-31,2024-02-04,2024-02-05,
C100049,2024-01-31,referral,HCMC,55+,M,high,2024-02-06,2024-02-07,2024-02-11,2024-02-16
C100050,2024-01-31,campaign,CanTho,25-34,F,high,,,,
C100051,2024-02-01,organic,Hanoi,25-34,M,medium,,,,
C100052,2024-02-01,organic,HCMC,35-44,M,medium,2024-02-06,2024-02-08,2024-02-12,
C100053,2024-02-01,paid,Hanoi,25-34,M,low,2024-02-05,2024-02-09,2024-02-09,2024-02-10
C100054,2024-02-01,paid,DaNang,25-34,M,high,2024-02-03,2024-02-07,2024-02-10,
C100055,2024-02-02,organic,DaNang,35-44,F,medium,,,,
C100056,2024-02-02,paid,DaNang,45-54,F,low,2024-02-08,2024-02-09,2024-02-13,2024-02-15
C100057,2024-02-03,referral,CanTho,35-44,M,low,,,,
C100058,2024-02-03,referral,Hanoi,25-34,Other,medium,2024-02-06,2024-02-09,2024-02-10,
C100059,2024-02-05,organic,Hanoi,35-44,M,low,2024-02-05,2024-02-09,2024-02-09,2024-02-13
C100060,2024-02-05,referral,HCMC,45-54,M,low,2024-02-11,2024-02-12,,
C100061,2024-02-05,paid,Hanoi,25-34,M,low,,,,
C100062,2024-02-05,organic,Hanoi,35-44,M,low,,,,
C100063,2024-02-06,organic,HCMC,25-34,F,high,2024-02-08,2024-02-09,2024-02-12,
C100064,2024-02-06,paid,HCMC,35-44,M,low,2024-02-10,2024-02-12,2024-02-12,
C100065,2024-02-07,paid,Hanoi,18-24,F,medium,,,,
C100066,2024-02-08,referral,HCMC,25-34,M,low,2024-02-09,2024-02-12,2024-02-14,
C100067,2024-02-09,paid,HCMC,25-34,F,low,,,,
C100068,2024-02-09,organic,HCMC,45-54,M,low,2024-02-10,2024-02-12,2024-02-14,2024-02-15
C100069,2024-02-09,organic,DaNang,25-34,F,medium,2024-02-15,2024-02-19,,
C100070,2024-02-10,referral,HCMC,25-34,F,low,2024-02-10,2024-02-12,,
C100071,2024-02-11,paid,HCMC,35-44,F,low,,,,
C100072,2024-02-11,organic,HCMC,18-24,F,medium,2024-02-13,2024-02-17,2024-02-19,
C100073,2024-02-12,campaign,Hanoi,25-34,F,low,,,,
C100074,2024-02-12,organic,HCMC,25-34,F,low,2024-02-14,2024-02-16,2024-02-16,2024-02-17
C100075,2024-02-14,organic,Hanoi,25-34,F,low,2024-02-14,2024-02-15,2024-02-17,2024-02-22
C100076,2024-02-14,paid,Hanoi,35-44,F,low,2024-02-17,2024-02-18,2024-02-22,2024-03-01
C100077,2024-02-14,organic,HCMC,35-44,F,low,2024-02-18,2024-02-22,2024-02-25,
C100078,2024-02-14,organic,HCMC,18-24,F,low,,,,
C100079,2024-02-14,paid,Hanoi,18-24,M,high,,,,
C100080,2024-02-14,referral,HCMC,35-44,Other,low,2024-02-18,2024-02-21,2024-02-22,2024-02-27
C100081,2024-02-15,organic,HCMC,25-34,M,low,2024-02-18,2024-02-19,2024-02-20,2024-02-23
C100082,2024-02-15,organic,HCMC,18-24,F,medium,,,,
C100083,2024-02-15,paid,HCMC,18-24,M,medium,2024-02-21,2024-02-22,2024-02-23,
C100084,2024-02-17,organic,Hanoi,25-34,F,medium,,,,
C100085,2024-02-17,organic,HCMC,45-54,M,low,2024-02-21,2024-02-22,2024-02-26,
C100086,2024-02-17,organic,HCMC,25-34,M,medium,2024-02-17,2024-02-18,2024-02-18,2024-02-26
C100087,2024-02-18,referral,HCMC,55+,F,low,,,,
C100088,2024-02-19,organic,HCMC,18-24,M,low,2024-02-25,2024-02-28,2024-03-01,
C100089,2024-02-19,organic,Hanoi,35-44,F,medium,,,,
C100090,2024-02-19,paid,DaNang,35-44,F,medium,,,,
C100091,2024-02-19,paid,Hanoi,25-34,M,low,2024-02-22,2024-02-26,2024-03-01,2024-03-10
C100092,2024-02-19,organic,HCMC,25-34,F,medium,2024-02-19,2024-02-21,,
C100093,2024-02-20,organic,Hanoi,25-34,M,low,2024-02-26,2024-03-01,2024-03-01,
C100094,2024-02-22,paid,CanTho,25-34,M,high,2024-02-27,2024-03-01,2024-03-03,
C100095,2024-02-22,campaign,HCMC,45-54,M,low,2024-02-25,2024-02-28,2024-03-03,
C100096,2024-02-22,organic,HCMC,25-34,M,medium,2024-02-24,2024-02-27,2024-02-27,
C100097,2024-02-23,paid,HCMC,25-34,M,medium,2024-02-24,2024-02-25,2024-02-26,2024-03-03
C100098,2024-02-25,organic,Hanoi,25-34,M,low,2024-02-26,2024-02-29,2024-03-04,2024-03-05
C100099,2024-02-26,paid,HCMC,55+,F,low,2024-02-28,2024-03-02,2024-03-06,
C100100,2024-02-26,paid,CanTho,25-34,F,medium,,,,
C100101,2024-02-27,organic,HCMC,18-24,M,high,2024-03-02,2024-03-06,,
C100102,2024-02-29,paid,Hanoi,45-54,F,low,2024-03-02,2024-03-05,,
C100103,2024-02-29,paid,HCMC,18-24,M,high,2024-02-29,2024-03-03,,
C100104,2024-03-02,organic,HCMC,45-54,F,low,2024-03-07,2024-03-09,2024-03-09,
C100105,2024-03-02,organic,HCMC,35-44,M,medium,,,,
C100106,2024-03-03,campaign,CanTho,55+,M,high,2024-03-05,2024-03-08,2024-03-11,2024-03-14
C100107,2024-03-03,referral,HCMC,25-34,F,high,2024-03-09,2024-03-10,2024-03-11,
C100108,2024-03-03,paid,HCMC,45-54,M,low,2024-03-09,2024-03-12,,
C100109,2024-03-05,paid,HCMC,18-24,M,high,2024-03-07,2024-03-11,,
C100110,2024-03-06,organic,HCMC,35-44,M,medium,2024-03-11,2024-03-12,,
C100111,2024-03-06,organic,HCMC,25-34,F,medium,2024-03-07,2024-03-10,2024-03-11,
C100112,2024-03-07,referral,HCMC,25-34,M,low,,,,
C100113,2024-03-08,organic,HaiPhong,35-44,F,low,2024-03-08,2024-03-11,2024-03-14,
C100114,2024-03-08,campaign,CanTho,35-44,M,medium,2024-03-08,2024-03-10,,
C100115,2024-03-09,referral,HCMC,25-34,F,medium,2024-03-09,2024-03-11,2024-03-12,
C100116,2024-03-09,paid,DaNang,25-34,F,low,,,,
C100117,2024-03-09,organic,HCMC,35-44,M,low,2024-03-15,2024-03-16,2024-03-16,2024-03-23
C100118,2024-03-10,organic,Hanoi,25-34,M,medium,2024-03-10,2024-03-13,2024-03-17,2024-03-23
C100119,2024-03-10,organic,CanTho,25-34,M,medium,2024-03-10,2024-03-13,2024-03-17,
C100120,2024-03-10,paid,HCMC,25-34,M,low,2024-03-12,2024-03-15,2024-03-19,
C100121,2024-03-10,organic,HCMC,35-44,F,medium,2024-03-16,2024-03-19,2024-03-21,
C100122,2024-03-10,referral,DaNang,18-24,F,medium,,,,
C100123,2024-03-11,organic,Hanoi,25-34,M,medium,2024-03-16,2024-03-19,2024-03-21,2024-03-21
C100124,2024-03-13,referral,HaiPhong,35-44,F,low,,,,
C100125,2024-03-13,referral,HCMC,35-44,F,low,2024-03-17,2024-03-21,2024-03-24,
C100126,2024-03-13,paid,HCMC,25-34,M,low,,,,
C100127,2024-03-14,organic,HCMC,18-24,M,low,2024-03-14,2024-03-16,,
C100128,2024-03-14,organic,HCMC,18-24,M,low,2024-03-20,2024-03-21,2024-03-22,2024-03-26
C100129,2024-03-15,organic,HCMC,25-34,F,low,2024-03-16,2024-03-19,2024-03-22,2024-03-22
C100130,2024-03-15,organic,Hanoi,35-44,M,medium,,,,
C100131,2024-03-15,paid,HCMC,25-34,M,low,2024-03-18,2024-03-22,2024-03-22,2024-03-28
C100132,2024-03-16,paid,Hanoi,45-54,F,low,2024-03-19,2024-03-20,2024-03-23,2024-03-28
C100133,2024-03-16,referral,Hanoi,35-44,F,low,2024-03-20,2024-03-22,2024-03-25,
C100134,2024-03-17,organic,HCMC,25-34,M,low,2024-03-22,2024-03-23,2024-03-24,2024-03-25
C100135,2024-03-17,organic,Hanoi,35-44,M,medium,,,,
C100136,2024-03-18,referral,HaiPhong,25-34,M,medium,,,,
C100137,2024-03-18,campaign,HCMC,45-54,F,medium,,,,
C100138,2024-03-18,organic,Hanoi,25-34,F,medium,2024-03-18,2024-03-19,2024-03-19,2024-03-26
C100139,2024-03-19,referral,HCMC,18-24,M,high,2024-03-20,2024-03-21,,
C100140,2024-03-20,paid,HaiPhong,55+,M,low,2024-03-25,2024-03-27,2024-03-31,
C100141,2024-03-20,organic,CanTho,25-34,M,medium,,,,
C100142,2024-03-20,paid,HaiPhong,45-54,M,low,2024-03-20,2024-03-22,2024-03-25,2024-03-29
C100143,2024-03-20,organic,HCMC,18-24,F,low,2024-03-24,2024-03-27,2024-03-27,2024-04-02
C100144,2024-03-21,organic,HCMC,25-34,F,low,2024-03-23,2024-03-24,2024-03-28,
C100145,2024-03-21,campaign,HCMC,25-34,M,medium,,,,
C100146,2024-03-21,paid,HCMC,45-54,F,low,,,,
C100147,2024-03-22,organic,HaiPhong,18-24,M,low,,,,
C100148,2024-03-22,paid,Hanoi,25-34,M,low,,,,
C100149,2024-03-23,organic,HCMC,35-44,M,medium,2024-03-23,2024-03-27,2024-03-28,
C100150,2024-03-24,referral,HCMC,25-34,F,low,,,,
C100151,2024-03-24,paid,CanTho,25-34,F,low,2024-03-28,2024-03-31,2024-04-04,2024-04-11
C100152,2024-03-25,paid,HCMC,45-54,Other,high,,,,
C100153,2024-03-25,organic,Hanoi,25-34,M,low,2024-03-26,2024-03-30,,
C100154,2024-03-26,organic,Hanoi,35-44,F,low,2024-03-28,2024-03-31,2024-04-01,
C100155,2024-03-26,paid,Hanoi,35-44,F,low,2024-03-30,2024-03-31,2024-04-01,2024-04-08
C100156,2024-03-26,organic,Hanoi,45-54,F,low,2024-03-30,2024-04-02,2024-04-02,2024-04-02
C100157,2024-03-26,referral,Hanoi,25-34,F,low,2024-03-26,2024-03-29,2024-03-29,2024-04-02
C100158,2024-03-26,organic,Hanoi,25-34,F,low,,,,
C100159,2024-03-26,organic,HCMC,25-34,M,low,,,,
C100160,2024-03-27,organic,DaNang,25-34,F,low,2024-03-28,2024-04-01,2024-04-05,2024-04-05
C100161,2024-03-27,paid,HCMC,45-54,M,low,2024-04-02,2024-04-06,2024-04-07,2024-04-07
C100162,2024-03-28,campaign,HCMC,55+,F,high,2024-04-03,2024-04-05,2024-04-07,
C100163,2024-03-28,organic,DaNang,25-34,F,high,2024-03-28,2024-03-29,,
C100164,2024-03-29,referral,CanTho,35-44,F,low,2024-03-30,2024-04-02,2024-04-02,2024-04-03
C100165,2024-03-29,organic,Hanoi,25-34,F,medium,2024-04-01,2024-04-03,,
C100166,2024-03-30,referral,HCMC,35-44,F,low,2024-04-03,2024-04-05,2024-04-07,
C100167,2024-03-31,paid,DaNang,25-34,M,low,2024-04-03,2024-04-07,2024-04-08,2024-04-13
C100168,2024-04-01,organic,HaiPhong,25-34,M,medium,2024-04-04,2024-04-05,,
C100169,2024-04-01,referral,Hanoi,25-34,M,low,2024-04-06,2024-04-08,2024-04-11,2024-04-14
C100170,2024-04-01,referral,HCMC,25-34,F,low,2024-04-03,2024-04-05,,
C100171,2024-04-01,organic,HCMC,18-24,F,low,2024-04-02,2024-04-04,2024-04-05,2024-04-13
C100172,2024-04-02,organic,Hanoi,45-54,F,low,2024-04-03,2024-04-04,,
C100173,2024-04-02,organic,HCMC,25-34,M,medium,2024-04-04,2024-04-07,2024-04-08,2024-04-12
C100174,2024-04-03,paid,HCMC,35-44,F,low,2024-04-06,2024-04-10,,
C100175,2024-04-03,campaign,HaiPhong,25-34,F,high,2024-04-07,2024-04-08,2024-04-10,
C100176,2024-04-04,referral,Hanoi,25-34,M,medium,2024-04-04,2024-04-06,2024-04-08,
C100177,2024-04-05,organic,Hanoi,55+,M,medium,,,,
C100178,2024-04-10,organic,HCMC,45-54,F,high,,,,
C100179,2024-04-10,paid,HCMC,35-44,M,low,2024-04-10,2024-04-12,2024-04-13,2024-04-18
C100180,2024-04-12,paid,HCMC,18-24,F,medium,2024-04-18,2024-04-20,2024-04-21,2024-04-26
C100181,2024-04-12,organic,HCMC,25-34,M,low,2024-04-14,2024-04-15,2024-04-16,2024-04-23
C100182,2024-04-12,paid,Hanoi,35-44,M,low,,,,
C100183,2024-04-13,campaign,DaNang,18-24,M,low,,,,
C100184,2024-04-13,organic,HaiPhong,35-44,F,medium,2024-04-15,2024-04-18,2024-04-21,2024-04-23
C100185,2024-04-14,organic,HaiPhong,45-54,F,medium,,,,
C100186,2024-04-15,referral,HCMC,55+,F,low,2024-04-21,2024-04-23,2024-04-24,
C100187,2024-04-15,organic,HCMC,25-34,M,medium,,,,
C100188,2024-04-16,organic,Hanoi,18-24,M,medium,,,,
C100189,2024-04-16,organic,HCMC,25-34,M,low,,,,
C100190,2024-04-16,referral,CanTho,45-54,M,low,2024-04-16,2024-04-18,2024-04-22,2024-04-27
C100191,2024-04-17,organic,Hanoi,18-24,M,high,,,,
C100192,2024-04-17,organic,HCMC,35-44,Other,low,,,,
C100193,2024-04-17,paid,HCMC,35-44,F,medium,2024-04-21,2024-04-25,2024-04-29,2024-05-08
C100194,2024-04-17,referral,HCMC,25-34,M,low,2024-04-19,2024-04-21,2024-04-21,2024-04-28
C100195,2024-04-21,referral,Hanoi,35-44,F,medium,2024-04-26,2024-04-30,2024-05-01,
C100196,2024-04-22,organic,HCMC,18-24,F,high,2024-04-28,2024-04-30,2024-05-01,
C100197,2024-04-22,campaign,HaiPhong,35-44,M,high,,,,
C100198,2024-04-24,organic,DaNang,25-34,M,low,2024-04-29,2024-04-30,2024-05-02,
C100199,2024-04-26,organic,CanTho,45-54,F,medium,2024-04-26,2024-04-29,,
C100200,2024-04-27,organic,CanTho,25-34,M,medium,2024-05-03,2024-05-05,2024-05-09,
C100201,2024-04-28,paid,Hanoi,25-34,M,low,2024-05-01,2024-05-03,2024-05-05,2024-05-11
C100202,2024-04-29,organic,CanTho,25-34,M,medium,2024-05-01,2024-05-05,2024-05-05,2024-05-12
C100203,2024-04-29,organic,Hanoi,25-34,F,low,2024-05-03,2024-05-07,2024-05-07,2024-05-15
C100204,2024-04-30,campaign,Hanoi,18-24,F,low,2024-05-05,2024-05-06,2024-05-09,2024-05-15
C100205,2024-04-30,organic,HCMC,45-54,M,low,2024-05-05,2024-05-07,2024-05-09,
C100206,2024-05-01,paid,Hanoi,35-44,F,medium,2024-05-02,2024-05-05,2024-05-07,
C100207,2024-05-01,campaign,Hanoi,25-34,M,low,2024-05-05,2024-05-06,,
C100208,2024-05-01,organic,Hanoi,35-44,M,high,2024-05-01,2024-05-04,2024-05-04,
C100209,2024-05-01,organic,CanTho,55+,M,medium,2024-05-03,2024-05-07,2024-05-10,2024-05-19
C100210,2024-05-03,paid,Hanoi,35-44,M,medium,2024-05-09,2024-05-13,2024-05-14,2024-05-19
C100211,2024-05-03,organic,HCMC,25-34,M,high,,,,
C100212,2024-05-04,organic,HCMC,35-44,M,low,2024-05-05,2024-05-06,2024-05-07,
C100213,2024-05-04,paid,CanTho,35-44,F,low,,,,
C100214,2024-05-04,organic,CanTho,35-44,M,low,2024-05-09,2024-05-10,2024-05-12,2024-05-16
C100215,2024-05-04,organic,HCMC,25-34,M,low,,,,
C100216,2024-05-05,organic,HCMC,18-24,F,medium,2024-05-11,2024-05-12,2024-05-13,
C100217,2024-05-06,paid,HCMC,25-34,F,medium,2024-05-11,2024-05-13,2024-05-16,2024-05-21
C100218,2024-05-09,referral,HCMC,25-34,M,medium,2024-05-09,2024-05-12,2024-05-12,2024-05-16
C100219,2024-05-10,paid,CanTho,45-54,F,low,2024-05-13,2024-05-17,2024-05-21,2024-05-25
C100220,2024-05-11,organic,HCMC,18-24,F,low,,,,
C100221,2024-05-11,referral,Hanoi,45-54,M,low,,,,
C100222,2024-05-11,organic,DaNang,18-24,M,high,2024-05-14,2024-05-17,2024-05-18,
C100223,2024-05-12,referral,HCMC,25-34,M,medium,2024-05-12,2024-05-14,2024-05-14,2024-05-18
C100224,2024-05-13,organic,Hanoi,25-34,M,low,,,,
C100225,2024-05-13,campaign,Hanoi,45-54,M,low,,,,
C100226,2024-05-13,referral,HCMC,55+,M,low,,,,
C100227,2024-05-14,paid,HCMC,18-24,M,low,,,,
C100228,2024-05-15,organic,HCMC,25-34,M,medium,2024-05-17,2024-05-21,,
C100229,2024-05-15,paid,HCMC,25-34,F,low,2024-05-18,2024-05-22,2024-05-26,2024-05-28
C100230,2024-05-16,paid,HCMC,25-34,F,medium,2024-05-21,2024-05-25,2024-05-28,2024-05-30
C100231,2024-05-16,paid,HCMC,55+,M,low,2024-05-21,2024-05-23,2024-05-23,
C100232,2024-05-16,paid,HCMC,35-44,M,low,,,,
C100233,2024-05-16,organic,HaiPhong,25-34,F,medium,2024-05-22,2024-05-23,2024-05-27,2024-06-04
C100234,2024-05-17,organic,Hanoi,35-44,M,medium,2024-05-22,2024-05-24,,
C100235,2024-05-17,referral,CanTho,35-44,M,medium,,,,
C100236,2024-05-18,organic,CanTho,45-54,M,low,2024-05-19,2024-05-22,2024-05-26,
C100237,2024-05-19,campaign,HCMC,45-54,M,low,2024-05-20,2024-05-23,2024-05-27,2024-06-01
C100238,2024-05-19,paid,HCMC,25-34,F,low,2024-05-19,2024-05-21,2024-05-23,
C100239,2024-05-22,organic,HaiPhong,35-44,M,low,2024-05-22,2024-05-25,2024-05-28,
C100240,2024-05-23,referral,Hanoi,55+,F,low,2024-05-27,2024-05-30,,
C100241,2024-05-24,organic,Hanoi,25-34,F,low,,,,
C100242,2024-05-24,paid,CanTho,35-44,F,medium,,,,
C100243,2024-05-25,paid,HCMC,25-34,M,high,,,,
C100244,2024-05-25,referral,Hanoi,25-34,M,low,2024-05-27,2024-05-28,2024-05-31,2024-06-03
C100245,2024-05-28,organic,HCMC,25-34,F,medium,2024-06-03,2024-06-04,2024-06-08,
C100246,2024-05-28,referral,HCMC,18-24,M,low,2024-05-30,2024-06-01,2024-06-04,2024-06-07
C100247,2024-05-29,paid,HCMC,25-34,M,medium,2024-05-31,2024-06-02,,
C100248,2024-05-29,organic,HCMC,25-34,Other,medium,,,,
C100249,2024-05-29,organic,HCMC,35-44,F,low,2024-06-04,2024-06-05,2024-06-08,
C100250,2024-05-30,campaign,Hanoi,35-44,M,medium,,,,
C100251,2024-05-30,campaign,Hanoi,35-44,F,high,,,,
C100252,2024-05-30,paid,DaNang,35-44,F,low,2024-06-01,2024-06-04,2024-06-08,
C100253,2024-05-31,organic,HCMC,35-44,M,low,,,,
C100254,2024-06-01,campaign,HCMC,25-34,M,high,2024-06-07,2024-06-09,,
C100255,2024-06-01,organic,Hanoi,35-44,M,low,2024-06-01,2024-06-04,2024-06-06,
C100256,2024-06-02,organic,HCMC,35-44,F,medium,2024-06-02,2024-06-06,2024-06-08,
C100257,2024-06-03,paid,DaNang,45-54,Other,medium,2024-06-06,2024-06-09,2024-06-12,2024-06-18
C100258,2024-06-04,paid,HCMC,25-34,M,medium,2024-06-09,2024-06-13,2024-06-15,
C100259,2024-06-05,organic,HCMC,45-54,F,medium,,,,
C100260,2024-06-05,organic,DaNang,25-34,M,low,2024-06-08,2024-06-09,2024-06-09,
C100261,2024-06-06,organic,HCMC,18-24,M,medium,2024-06-06,2024-06-08,2024-06-09,
C100262,2024-06-06,organic,Hanoi,35-44,M,medium,2024-06-12,2024-06-16,,
C100263,2024-06-07,organic,HCMC,25-34,F,low,2024-06-08,2024-06-10,2024-06-14,
C100264,2024-06-07,organic,HCMC,45-54,M,low,2024-06-08,2024-06-10,2024-06-13,2024-06-17
C100265,2024-06-07,organic,Hanoi,25-34,F,medium,2024-06-13,2024-06-14,2024-06-18,2024-06-23
C100266,2024-06-08,organic,Hanoi,25-34,F,low,2024-06-13,2024-06-17,2024-06-18,
C100267,2024-06-09,organic,HCMC,45-54,F,low,2024-06-09,2024-06-11,2024-06-14,
C100268,2024-06-09,referral,Hanoi,35-44,M,low,2024-06-14,2024-06-17,2024-06-21,
C100269,2024-06-09,organic,Hanoi,18-24,M,high,2024-06-11,2024-06-14,2024-06-14,
C100270,2024-06-10,organic,Hanoi,55+,F,medium,2024-06-12,2024-06-16,2024-06-18,
C100271,2024-06-10,paid,HCMC,25-34,F,low,2024-06-12,2024-06-15,2024-06-18,
C100272,2024-06-10,referral,Hanoi,35-44,F,medium,2024-06-15,2024-06-17,2024-06-17,
C100273,2024-06-11,organic,HaiPhong,55+,M,low,,,,
C100274,2024-06-11,organic,HCMC,45-54,Other,low,2024-06-12,2024-06-15,2024-06-17,2024-06-25
C100275,2024-06-11,paid,Hanoi,25-34,M,low,2024-06-12,2024-06-15,2024-06-18,2024-06-18
C100276,2024-06-12,referral,HCMC,55+,M,medium,,,,
C100277,2024-06-14,referral,Hanoi,35-44,M,low,2024-06-18,2024-06-20,2024-06-21,
C100278,2024-06-14,paid,HCMC,25-34,F,high,2024-06-16,2024-06-19,2024-06-23,2024-07-01
C100279,2024-06-15,paid,Hanoi,55+,F,low,2024-06-18,2024-06-21,2024-06-22,2024-06-26
C100280,2024-06-16,organic,Hanoi,35-44,M,low,2024-06-19,2024-06-22,2024-06-26,2024-06-29
C100281,2024-06-17,organic,CanTho,25-34,F,low,,,,
C100282,2024-06-18,organic,CanTho,25-34,Other,medium,2024-06-21,2024-06-22,,
C100283,2024-06-18,referral,CanTho,25-34,F,high,,,,
C100284,2024-06-18,paid,HaiPhong,35-44,M,low,2024-06-20,2024-06-22,2024-06-22,2024-06-30
C100285,2024-06-20,organic,HCMC,35-44,M,low,,,,
C100286,2024-06-20,organic,DaNang,18-24,M,low,2024-06-24,2024-06-28,2024-06-29,2024-07-03
C100287,2024-06-22,organic,CanTho,25-34,M,medium,2024-06-28,2024-06-30,2024-07-03,2024-07-12
C100288,2024-06-22,referral,HCMC,25-34,M,low,2024-06-27,2024-06-28,2024-06-28,2024-07-04
C100289,2024-06-22,organic,Hanoi,45-54,M,high,,,,
C100290,2024-06-23,organic,Hanoi,25-34,M,medium,2024-06-23,2024-06-27,,
C100291,2024-06-23,organic,HCMC,35-44,F,low,2024-06-24,2024-06-28,2024-06-29,
C100292,2024-06-23,organic,Hanoi,35-44,F,low,2024-06-28,2024-07-01,,
C100293,2024-06-24,paid,Hanoi,35-44,M,medium,2024-06-24,2024-06-28,2024-06-30,2024-07-07
C100294,2024-06-25,paid,Hanoi,25-34,M,high,2024-06-27,2024-06-30,2024-07-01,
C100295,2024-06-25,paid,HCMC,25-34,F,low,2024-06-27,2024-06-28,2024-07-02,
C100296,2024-06-26,campaign,CanTho,18-24,M,low,,,,
C100297,2024-06-27,referral,HCMC,25-34,F,low,2024-07-01,2024-07-02,2024-07-02,2024-07-11
C100298,2024-06-27,organic,DaNang,45-54,M,low,2024-06-27,2024-07-01,2024-07-03,2024-07-03
C100299,2024-06-29,organic,HCMC,25-34,F,low,2024-07-05,2024-07-09,2024-07-12,
C100300,2024-06-29,organic,Hanoi,25-34,M,high,,,,
C100301,2024-06-30,organic,HCMC,25-34,M,low,2024-07-02,2024-07-04,2024-07-06,
C100302,2024-07-01,referral,Hanoi,18-24,F,medium,,,,
C100303,2024-07-01,referral,Hanoi,25-34,M,medium,,,,
C100304,2024-07-02,organic,HCMC,55+,M,low,2024-07-03,2024-07-07,2024-07-08,2024-07-15
C100305,2024-07-02,campaign,Hanoi,25-34,F,low,2024-07-08,2024-07-09,2024-07-10,
C100306,2024-07-02,paid,Hanoi,25-34,F,medium,,,,
C100307,2024-07-02,organic,HCMC,35-44,M,low,2024-07-05,2024-07-07,2024-07-08,2024-07-12
C100308,2024-07-03,paid,HCMC,25-34,M,low,2024-07-03,2024-07-07,2024-07-11,2024-07-18
C100309,2024-07-03,paid,HCMC,25-34,F,medium,2024-07-04,2024-07-05,2024-07-06,
C100310,2024-07-03,paid,HCMC,25-34,M,low,2024-07-05,2024-07-06,2024-07-08,
C100311,2024-07-04,campaign,CanTho,45-54,F,low,2024-07-10,2024-07-11,2024-07-11,
C100312,2024-07-06,campaign,HCMC,18-24,M,high,2024-07-06,2024-07-07,2024-07-09,2024-07-15
C100313,2024-07-07,organic,DaNang,18-24,M,low,2024-07-12,2024-07-13,2024-07-13,
C100314,2024-07-08,organic,Hanoi,35-44,M,low,,,,
C100315,2024-07-09,organic,Hanoi,25-34,M,low,,,,
C100316,2024-07-09,organic,Hanoi,18-24,F,low,,,,
C100317,2024-07-09,organic,HCMC,25-34,F,medium,,,,
C100318,2024-07-10,organic,CanTho,45-54,M,medium,2024-07-14,2024-07-15,2024-07-18,2024-07-23
C100319,2024-07-10,referral,HCMC,55+,M,low,,,,
C100320,2024-07-11,organic,CanTho,45-54,F,low,2024-07-14,2024-07-16,2024-07-18,2024-07-24
C100321,2024-07-11,organic,HCMC,25-34,F,high,2024-07-11,2024-07-13,,
C100322,2024-07-12,paid,HCMC,45-54,F,low,2024-07-14,2024-07-18,2024-07-21,2024-07-28
C100323,2024-07-13,paid,HCMC,18-24,F,low,2024-07-18,2024-07-21,,
C100324,2024-07-14,organic,Hanoi,25-34,F,low,2024-07-18,2024-07-19,,
C100325,2024-07-14,referral,HCMC,25-34,F,high,2024-07-14,2024-07-17,2024-07-17,2024-07-25
C100326,2024-07-14,organic,HCMC,25-34,M,low,2024-07-14,2024-07-17,,
C100327,2024-07-14,organic,Hanoi,55+,F,low,2024-07-18,2024-07-20,2024-07-20,
C100328,2024-07-14,paid,Hanoi,35-44,M,low,2024-07-18,2024-07-22,2024-07-22,2024-07-27
C100329,2024-07-15,organic,HCMC,25-34,M,low,2024-07-18,2024-07-19,2024-07-21,
C100330,2024-07-15,paid,CanTho,35-44,F,low,2024-07-19,2024-07-21,2024-07-21,2024-07-21
C100331,2024-07-16,campaign,Hanoi,35-44,M,low,2024-07-19,2024-07-20,2024-07-21,
C100332,2024-07-17,referral,HCMC,18-24,F,medium,2024-07-18,2024-07-21,,
C100333,2024-07-17,referral,Hanoi,25-34,F,low,,,,
C100334,2024-07-19,organic,HCMC,25-34,F,medium,2024-07-25,2024-07-26,2024-07-28,
C100335,2024-07-20,organic,Hanoi,55+,F,high,,,,
C100336,2024-07-21,campaign,HCMC,45-54,F,low,2024-07-22,2024-07-23,,
C100337,2024-07-22,referral,CanTho,25-34,M,medium,2024-07-27,2024-07-29,2024-07-29,
C100338,2024-07-22,paid,HCMC,55+,M,low,2024-07-25,2024-07-27,2024-07-28,
C100339,2024-07-24,paid,HCMC,18-24,F,low,,,,
C100340,2024-07-25,organic,HCMC,25-34,Other,low,2024-07-30,2024-08-01,2024-08-02,
C100341,2024-07-25,organic,Hanoi,25-34,M,low,2024-07-28,2024-07-30,2024-08-03,
C100342,2024-07-27,organic,HCMC,25-34,M,medium,2024-07-29,2024-07-31,2024-08-03,
C100343,2024-07-27,campaign,Hanoi,45-54,F,low,2024-07-29,2024-08-01,2024-08-01,2024-08-07
C100344,2024-07-27,organic,HCMC,35-44,F,medium,2024-08-01,2024-08-02,,
C100345,2024-07-27,campaign,Hanoi,18-24,M,medium,,,,
C100346,2024-07-28,organic,HCMC,25-34,F,low,2024-08-03,2024-08-05,2024-08-07,2024-08-08
C100347,2024-07-28,referral,HCMC,35-44,F,low,,,,
C100348,2024-07-28,paid,HCMC,25-34,M,low,2024-07-30,2024-08-03,2024-08-03,
C100349,2024-07-28,organic,HCMC,45-54,M,high,2024-08-03,2024-08-04,2024-08-05,2024-08-10
C100350,2024-07-29,paid,Hanoi,35-44,F,low,,,,
C100351,2024-07-30,paid,CanTho,35-44,M,medium,2024-08-04,2024-08-08,2024-08-09,
C100352,2024-07-30,paid,CanTho,35-44,M,low,2024-07-30,2024-08-02,2024-08-03,2024-08-11
C100353,2024-07-30,paid,HaiPhong,35-44,M,medium,2024-08-04,2024-08-05,2024-08-08,2024-08-09
C100354,2024-07-31,paid,HCMC,25-34,F,low,2024-08-02,2024-08-06,2024-08-07,2024-08-16
C100355,2024-07-31,referral,Hanoi,45-54,M,medium,,,,
C100356,2024-08-01,organic,HCMC,35-44,F,high,2024-08-02,2024-08-04,2024-08-05,
C100357,2024-08-02,campaign,DaNang,35-44,F,medium,2024-08-04,2024-08-05,2024-08-09,
C100358,2024-08-03,paid,DaNang,18-24,M,low,,,,
C100359,2024-08-03,organic,Hanoi,25-34,M,low,2024-08-03,2024-08-04,2024-08-04,2024-08-06
C100360,2024-08-05,campaign,HaiPhong,35-44,M,low,2024-08-11,2024-08-12,2024-08-16,2024-08-18
C100361,2024-08-06,organic,Hanoi,45-54,M,medium,,,,
C100362,2024-08-06,organic,Hanoi,25-34,F,medium,2024-08-11,2024-08-14,,
C100363,2024-08-06,paid,HCMC,35-44,F,low,2024-08-10,2024-08-12,2024-08-13,
C100364,2024-08-07,referral,DaNang,18-24,F,low,2024-08-07,2024-08-11,2024-08-11,2024-08-14
C100365,2024-08-07,organic,Hanoi,18-24,M,low,,,,
C100366,2024-08-07,organic,Hanoi,35-44,F,medium,2024-08-11,2024-08-15,2024-08-18,
C100367,2024-08-08,paid,HCMC,55+,Other,medium,2024-08-11,2024-08-14,2024-08-17,
C100368,2024-08-09,paid,DaNang,25-34,M,low,,,,
C100369,2024-08-09,paid,HCMC,25-34,M,high,2024-08-10,2024-08-12,2024-08-16,2024-08-18
C100370,2024-08-09,organic,Hanoi,25-34,F,low,2024-08-13,2024-08-16,2024-08-17,
C100371,2024-08-09,referral,HCMC,35-44,M,low,,,,
C100372,2024-08-10,referral,HCMC,25-34,M,low,2024-08-13,2024-08-14,2024-08-15,
C100373,2024-08-11,referral,HCMC,25-34,F,low,,,,
C100374,2024-08-11,referral,Hanoi,35-44,F,medium,2024-08-16,2024-08-18,2024-08-20,
C100375,2024-08-12,paid,CanTho,18-24,Other,medium,,,,
C100376,2024-08-13,paid,HCMC,45-54,M,high,2024-08-18,2024-08-20,2024-08-24,
C100377,2024-08-13,referral,HCMC,35-44,F,low,2024-08-13,2024-08-17,2024-08-18,2024-08-27
C100378,2024-08-13,organic,Hanoi,55+,M,medium,2024-08-19,2024-08-20,,
C100379,2024-08-13,paid,HCMC,45-54,M,low,2024-08-19,2024-08-20,,
C100380,2024-08-13,referral,HCMC,35-44,F,high,2024-08-14,2024-08-15,2024-08-18,
C100381,2024-08-13,referral,HCMC,25-34,M,medium,,,,
C100382,2024-08-14,organic,HCMC,35-44,M,low,,,,
C100383,2024-08-14,organic,CanTho,35-44,F,medium,2024-08-15,2024-08-18,2024-08-21,2024-08-22
C100384,2024-08-14,campaign,HCMC,25-34,M,high,,,,
C100385,2024-08-15,referral,Hanoi,45-54,M,low,2024-08-15,2024-08-17,2024-08-18,2024-08-21
C100386,2024-08-17,organic,HCMC,25-34,M,low,2024-08-21,2024-08-23,2024-08-25,
C100387,2024-08-17,paid,HaiPhong,55+,F,low,2024-08-22,2024-08-26,,
C100388,2024-08-18,referral,HCMC,35-44,F,low,2024-08-22,2024-08-26,2024-08-29,2024-09-06
C100389,2024-08-18,referral,Hanoi,45-54,F,low,2024-08-19,2024-08-22,2024-08-23,2024-08-29
C100390,2024-08-18,paid,HCMC,45-54,M,medium,2024-08-22,2024-08-24,2024-08-28,2024-08-29
C100391,2024-08-18,organic,HCMC,35-44,F,medium,2024-08-23,2024-08-24,2024-08-28,
C100392,2024-08-19,organic,HCMC,45-54,M,low,,,,
C100393,2024-08-19,organic,HCMC,35-44,F,medium,2024-08-21,2024-08-24,,
C100394,2024-08-20,organic,HCMC,25-34,M,low,,,,
C100395,2024-08-21,organic,Hanoi,55+,F,low,2024-08-26,2024-08-30,2024-09-01,2024-09-01
C100396,2024-08-22,paid,Hanoi,35-44,M,medium,,,,
C100397,2024-08-22,paid,HCMC,35-44,M,low,2024-08-23,2024-08-27,2024-08-29,2024-08-29
C100398,2024-08-22,organic,DaNang,55+,F,low,2024-08-24,2024-08-27,,
C100399,2024-08-22,referral,HCMC,35-44,M,low,2024-08-26,2024-08-30,,
C100400,2024-08-23,organic,Hanoi,18-24,F,low,2024-08-26,2024-08-27,2024-08-31,
C100401,2024-08-23,organic,DaNang,35-44,M,medium,2024-08-24,2024-08-28,2024-08-29,
C100402,2024-08-23,paid,Hanoi,35-44,F,low,2024-08-25,2024-08-28,2024-08-31,2024-08-31
C100403,2024-08-24,paid,HCMC,35-44,F,medium,2024-08-26,2024-08-27,2024-08-30,2024-09-03
C100404,2024-08-26,organic,HCMC,55+,M,low,2024-08-27,2024-08-31,2024-09-04,2024-09-11
C100405,2024-08-26,campaign,HCMC,35-44,M,medium,2024-08-28,2024-08-30,2024-09-01,2024-09-04
C100406,2024-08-27,paid,HCMC,55+,F,high,,,,
C100407,2024-08-27,paid,Hanoi,35-44,M,high,,,,
C100408,2024-08-28,organic,HaiPhong,55+,F,medium,2024-08-28,2024-08-29,2024-08-30,
C100409,2024-08-29,paid,HCMC,25-34,M,medium,2024-08-31,2024-09-01,2024-09-01,
C100410,2024-08-30,organic,DaNang,25-34,F,low,,,,
C100411,2024-08-30,organic,HCMC,25-34,M,low,,,,
C100412,2024-08-31,paid,HaiPhong,45-54,F,low,2024-08-31,2024-09-02,2024-09-05,
C100413,2024-09-01,paid,HCMC,45-54,M,low,2024-09-05,2024-09-08,2024-09-11,2024-09-13
C100414,2024-09-02,paid,HCMC,35-44,F,low,2024-09-02,2024-09-06,2024-09-08,2024-09-13
C100415,2024-09-03,organic,HCMC,25-34,F,low,2024-09-03,2024-09-04,2024-09-05,
C100416,2024-09-03,organic,HCMC,25-34,F,low,2024-09-06,2024-09-08,,
C100417,2024-09-04,campaign,HCMC,18-24,F,low,,,,
C100418,2024-09-04,campaign,CanTho,25-34,F,low,2024-09-05,2024-09-06,2024-09-09,2024-09-10
C100419,2024-09-05,referral,Hanoi,25-34,M,medium,2024-09-05,2024-09-08,2024-09-11,
C100420,2024-09-05,organic,HCMC,55+,M,low,2024-09-09,2024-09-12,2024-09-15,2024-09-23
C100421,2024-09-07,organic,Hanoi,35-44,M,low,,,,
C100422,2024-09-07,organic,Hanoi,35-44,M,low,2024-09-10,2024-09-14,2024-09-15,
C100423,2024-09-07,referral,HCMC,25-34,F,low,2024-09-12,2024-09-14,2024-09-17,
C100424,2024-09-08,organic,HaiPhong,18-24,Other,low,2024-09-11,2024-09-15,2024-09-15,2024-09-20
C100425,2024-09-11,organic,HCMC,25-34,F,medium,2024-09-17,2024-09-21,2024-09-25,2024-09-30
C100426,2024-09-11,organic,Hanoi,35-44,M,low,,,,
C100427,2024-09-12,paid,HCMC,35-44,M,low,2024-09-15,2024-09-16,2024-09-17,
C100428,2024-09-12,paid,Hanoi,55+,F,medium,2024-09-18,2024-09-19,,
C100429,2024-09-12,referral,HaiPhong,25-34,M,medium,2024-09-12,2024-09-15,2024-09-19,2024-09-21
C100430,2024-09-13,organic,DaNang,35-44,F,low,2024-09-14,2024-09-15,,
C100431,2024-09-13,organic,HCMC,35-44,F,medium,,,,
C100432,2024-09-14,referral,Hanoi,35-44,F,low,2024-09-20,2024-09-23,2024-09-25,
C100433,2024-09-15,organic,Hanoi,18-24,F,high,2024-09-20,2024-09-21,,
C100434,2024-09-15,paid,HCMC,45-54,M,low,,,,
C100435,2024-09-15,paid,Hanoi,35-44,F,low,2024-09-17,2024-09-20,2024-09-24,
C100436,2024-09-17,organic,HCMC,35-44,M,low,2024-09-22,2024-09-24,2024-09-26,
C100437,2024-09-17,organic,DaNang,18-24,M,low,2024-09-21,2024-09-24,2024-09-28,2024-10-04
C100438,2024-09-17,paid,HCMC,55+,F,medium,2024-09-20,2024-09-23,2024-09-23,
C100439,2024-09-17,organic,HCMC,35-44,M,high,,,,
C100440,2024-09-18,campaign,CanTho,25-34,F,low,2024-09-22,2024-09-25,2024-09-27,2024-10-02
C100441,2024-09-18,organic,HCMC,35-44,M,low,,,,
C100442,2024-09-22,organic,Hanoi,18-24,M,low,2024-09-27,2024-09-30,,
C100443,2024-09-22,paid,CanTho,18-24,F,low,2024-09-23,2024-09-26,,
C100444,2024-09-22,organic,Hanoi,35-44,F,low,2024-09-24,2024-09-27,2024-09-30,
C100445,2024-09-23,campaign,CanTho,35-44,F,low,,,,
C100446,2024-09-23,organic,HCMC,25-34,M,low,2024-09-24,2024-09-27,2024-10-01,
C100447,2024-09-24,organic,HCMC,18-24,M,low,,,,
C100448,2024-09-24,organic,Hanoi,25-34,M,low,2024-09-27,2024-09-30,2024-10-04,
C100449,2024-09-25,paid,HCMC,18-24,F,low,2024-09-25,2024-09-26,,
C100450,2024-09-25,referral,HaiPhong,25-34,F,low,2024-09-25,2024-09-26,2024-09-28,2024-10-02
C100451,2024-09-26,organic,Hanoi,18-24,M,low,2024-09-26,2024-09-29,2024-09-30,
C100452,2024-09-28,organic,Hanoi,35-44,F,low,2024-09-28,2024-10-02,2024-10-03,2024-10-04
C100453,2024-09-28,paid,Hanoi,35-44,M,low,2024-10-03,2024-10-07,2024-10-10,2024-10-12
C100454,2024-09-29,paid,Hanoi,25-34,M,medium,2024-10-03,2024-10-04,,
C100455,2024-09-30,paid,HCMC,35-44,M,high,,,,
C100456,2024-10-01,organic,HCMC,18-24,M,low,2024-10-02,2024-10-05,2024-10-07,
C100457,2024-10-01,organic,HCMC,45-54,M,high,,,,
C100458,2024-10-02,referral,HCMC,35-44,M,low,2024-10-03,2024-10-05,2024-10-07,2024-10-11
C100459,2024-10-03,campaign,Hanoi,18-24,M,medium,2024-10-05,2024-10-09,2024-10-10,2024-10-12
C100460,2024-10-03,organic,HCMC,25-34,M,medium,2024-10-09,2024-10-10,2024-10-14,
C100461,2024-10-03,campaign,CanTho,25-34,M,low,,,,
C100462,2024-10-03,organic,HCMC,45-54,Other,low,2024-10-08,2024-10-11,2024-10-11,2024-10-19
C100463,2024-10-04,referral,HCMC,35-44,F,low,,,,
C100464,2024-10-06,campaign,CanTho,18-24,F,low,,,,
C100465,2024-10-08,paid,Hanoi,35-44,M,low,2024-10-10,2024-10-12,2024-10-16,
C100466,2024-10-09,paid,HCMC,18-24,F,medium,2024-10-12,2024-10-14,2024-10-15,2024-10-17
C100467,2024-10-09,organic,Hanoi,25-34,M,low,2024-10-09,2024-10-12,2024-10-12,2024-10-13
C100468,2024-10-13,referral,HCMC,45-54,M,low,,,,
C100469,2024-10-13,paid,HCMC,25-34,F,medium,,,,
C100470,2024-10-14,paid,HaiPhong,35-44,F,medium,2024-10-17,2024-10-21,,
C100471,2024-10-14,paid,CanTho,25-34,F,medium,,,,
C100472,2024-10-15,organic,Hanoi,18-24,M,medium,,,,
C100473,2024-10-16,referral,HCMC,45-54,M,low,2024-10-17,2024-10-19,,
C100474,2024-10-17,paid,Hanoi,35-44,M,low,2024-10-19,2024-10-21,,
C100475,2024-10-17,paid,HCMC,25-34,F,low,2024-10-20,2024-10-21,2024-10-25,2024-10-31
C100476,2024-10-17,organic,HCMC,25-34,F,low,2024-10-22,2024-10-24,,
C100477,2024-10-18,paid,CanTho,25-34,F,low,2024-10-20,2024-10-24,2024-10-24,
C100478,2024-10-18,organic,HCMC,35-44,F,low,2024-10-23,2024-10-27,2024-10-31,
C100479,2024-10-19,referral,HCMC,45-54,M,medium,2024-10-21,2024-10-25,2024-10-29,2024-10-30
C100480,2024-10-19,organic,DaNang,25-34,F,high,,,,
C100481,2024-10-19,organic,Hanoi,18-24,F,medium,2024-10-21,2024-10-25,2024-10-29,
C100482,2024-10-20,organic,Hanoi,18-24,F,medium,2024-10-23,2024-10-26,,
C100483,2024-10-22,organic,HCMC,25-34,M,low,2024-10-27,2024-10-30,,
C100484,2024-10-22,referral,HCMC,35-44,M,low,2024-10-22,2024-10-25,2024-10-26,2024-10-28
C100485,2024-10-22,organic,HCMC,18-24,F,medium,2024-10-28,2024-10-31,2024-11-03,2024-11-05
C100486,2024-10-22,paid,HCMC,35-44,M,low,2024-10-25,2024-10-29,2024-11-02,2024-11-05
C100487,2024-10-23,organic,HCMC,18-24,M,low,2024-10-27,2024-10-31,,
C100488,2024-10-25,organic,CanTho,25-34,F,high,2024-10-27,2024-10-29,2024-11-02,
C100489,2024-10-25,organic,Hanoi,35-44,F,low,2024-10-31,2024-11-01,2024-11-01,2024-11-10
C100490,2024-10-26,organic,Hanoi,35-44,M,medium,,,,
C100491,2024-10-28,paid,HCMC,18-24,M,low,,,,
C100492,2024-10-28,organic,Hanoi,18-24,F,high,2024-11-03,2024-11-06,2024-11-08,2024-11-10
C100493,2024-10-28,organic,HCMC,25-34,F,low,,,,
C100494,2024-10-29,paid,HCMC,25-34,Other,medium,2024-10-30,2024-11-03,2024-11-05,
C100495,2024-10-30,organic,Hanoi,25-34,M,medium,2024-10-31,2024-11-04,2024-11-05,2024-11-13
C100496,2024-10-30,campaign,Hanoi,35-44,M,medium,2024-10-30,2024-11-02,2024-11-03,2024-11-11
C100497,2024-10-30,organic,HaiPhong,18-24,F,low,2024-11-02,2024-11-03,2024-11-04,2024-11-05
C100498,2024-10-31,campaign,DaNang,25-34,F,low,2024-11-06,2024-11-10,,
C100499,2024-10-31,organic,HCMC,25-34,M,low,,,,
C100500,2024-10-31,campaign,HCMC,35-44,M,low,2024-10-31,2024-11-03,2024-11-04,2024-11-13
C100501,2024-10-31,organic,HCMC,35-44,M,low,2024-11-01,2024-11-02,2024-11-06,2024-11-10
C100502,2024-10-31,organic,HCMC,18-24,M,low,2024-11-04,2024-11-07,,
C100503,2024-11-01,organic,Hanoi,25-34,M,low,2024-11-02,2024-11-06,2024-11-09,2024-11-18
C100504,2024-11-01,paid,HCMC,35-44,M,high,,,,
C100505,2024-11-02,organic,HCMC,25-34,M,low,2024-11-08,2024-11-12,2024-11-14,
C100506,2024-11-03,organic,Hanoi,45-54,F,low,,,,
C100507,2024-11-05,paid,CanTho,18-24,F,low,,,,
C100508,2024-11-06,organic,DaNang,35-44,M,high,,,,
C100509,2024-11-06,paid,HCMC,35-44,F,medium,2024-11-08,2024-11-10,,
C100510,2024-11-07,organic,HCMC,55+,M,low,2024-11-11,2024-11-14,,
C100511,2024-11-07,organic,HCMC,18-24,M,medium,2024-11-08,2024-11-10,2024-11-10,
C100512,2024-11-08,campaign,HCMC,35-44,F,medium,2024-11-09,2024-11-10,2024-11-14,
C100513,2024-11-09,organic,CanTho,25-34,F,low,2024-11-12,2024-11-16,,
C100514,2024-11-09,organic,HCMC,35-44,F,low,,,,
C100515,2024-11-10,paid,Hanoi,25-34,M,low,2024-11-16,2024-11-17,2024-11-20,
C100516,2024-11-11,referral,Hanoi,35-44,M,low,2024-11-15,2024-11-17,2024-11-18,
C100517,2024-11-11,organic,Hanoi,18-24,M,low,2024-11-12,2024-11-13,2024-11-13,
C100518,2024-11-12,organic,DaNang,45-54,M,medium,2024-11-14,2024-11-18,2024-11-21,2024-11-23
C100519,2024-11-12,campaign,HCMC,25-34,M,low,,,,
C100520,2024-11-13,organic,HCMC,45-54,M,low,2024-11-18,2024-11-20,2024-11-24,2024-12-01
C100521,2024-11-13,paid,Hanoi,25-34,M,medium,,,,
C100522,2024-11-14,paid,HCMC,18-24,F,low,,,,
C100523,2024-11-15,referral,HCMC,25-34,F,low,2024-11-21,2024-11-23,2024-11-24,
C100524,2024-11-16,organic,HCMC,35-44,M,medium,2024-11-22,2024-11-26,2024-11-30,
C100525,2024-11-17,referral,HCMC,45-54,M,low,,,,
C100526,2024-11-17,paid,HCMC,25-34,F,medium,2024-11-20,2024-11-24,2024-11-25,2024-11-26
C100527,2024-11-18,organic,HCMC,25-34,F,high,2024-11-19,2024-11-20,2024-11-20,2024-11-20
C100528,2024-11-18,paid,CanTho,45-54,F,low,,,,
C100529,2024-11-18,referral,HCMC,35-44,M,medium,,,,
C100530,2024-11-18,paid,HCMC,25-34,M,low,2024-11-24,2024-11-26,2024-11-27,2024-12-03
C100531,2024-11-19,organic,DaNang,35-44,M,low,2024-11-19,2024-11-20,2024-11-22,
C100532,2024-11-21,organic,DaNang,25-34,M,low,,,,
C100533,2024-11-23,paid,Hanoi,25-34,F,low,2024-11-24,2024-11-25,2024-11-26,2024-11-26
C100534,2024-11-23,organic,HaiPhong,25-34,F,medium,2024-11-26,2024-11-27,2024-12-01,2024-12-01
C100535,2024-11-25,organic,HCMC,25-34,M,low,2024-11-30,2024-12-02,2024-12-06,2024-12-12
C100536,2024-11-25,organic,HCMC,18-24,F,low,,,,
C100537,2024-11-25,organic,DaNang,25-34,F,low,2024-11-26,2024-11-28,2024-12-01,
C100538,2024-11-27,organic,HaiPhong,35-44,M,low,2024-11-29,2024-11-30,2024-12-03,2024-12-11
C100539,2024-11-27,organic,HCMC,35-44,M,low,,,,
C100540,2024-11-27,paid,Hanoi,25-34,M,high,2024-12-01,2024-12-04,,
C100541,2024-11-27,organic,HCMC,45-54,F,low,2024-11-30,2024-12-02,2024-12-05,2024-12-13
C100542,2024-11-28,organic,HCMC,18-24,M,low,2024-12-04,2024-12-07,2024-12-10,2024-12-18
C100543,2024-11-28,organic,DaNang,35-44,F,low,,,,
C100544,2024-11-28,referral,DaNang,35-44,F,low,2024-11-30,2024-12-01,2024-12-03,2024-12-03
C100545,2024-11-29,organic,HCMC,18-24,M,low,,,,
C100546,2024-11-29,paid,HCMC,45-54,F,low,2024-12-01,2024-12-02,2024-12-02,
C100547,2024-11-29,referral,HaiPhong,35-44,F,low,2024-12-03,2024-12-07,,
C100548,2024-11-29,referral,Hanoi,25-34,M,low,2024-11-30,2024-12-03,2024-12-04,2024-12-13
C100549,2024-11-30,paid,Hanoi,25-34,F,low,,,,
C100550,2024-12-01,paid,HCMC,35-44,F,medium,2024-12-01,2024-12-02,2024-12-06,2024-12-06
C100551,2024-12-01,paid,Hanoi,25-34,M,low,2024-12-05,2024-12-07,2024-12-07,
C100552,2024-12-01,organic,HCMC,18-24,F,low,2024-12-07,2024-12-10,2024-12-13,2024-12-17
C100553,2024-12-01,organic,HCMC,25-34,M,medium,2024-12-04,2024-12-07,2024-12-08,
C100554,2024-12-02,organic,HCMC,45-54,M,medium,,,,
C100555,2024-12-03,organic,Hanoi,25-34,M,low,2024-12-06,2024-12-09,,
C100556,2024-12-04,paid,Hanoi,25-34,F,medium,2024-12-06,2024-12-08,2024-12-12,2024-12-17
C100557,2024-12-04,paid,Hanoi,45-54,M,low,2024-12-10,2024-12-14,,
C100558,2024-12-06,organic,HCMC,25-34,M,low,2024-12-11,2024-12-15,2024-12-17,
C100559,2024-12-07,referral,HCMC,25-34,F,low,2024-12-10,2024-12-13,2024-12-13,2024-12-17
C100560,2024-12-07,organic,CanTho,35-44,F,low,,,,
C100561,2024-12-08,paid,CanTho,18-24,F,medium,2024-12-08,2024-12-09,2024-12-12,
C100562,2024-12-08,organic,CanTho,35-44,F,low,,,,
C100563,2024-12-08,referral,HCMC,35-44,M,low,2024-12-08,2024-12-09,2024-12-11,2024-12-20
C100564,2024-12-09,organic,Hanoi,25-34,M,medium,,,,
C100565,2024-12-09,organic,DaNang,25-34,F,medium,2024-12-13,2024-12-15,2024-12-16,
C100566,2024-12-11,paid,HCMC,35-44,M,low,,,,
C100567,2024-12-11,paid,Hanoi,25-34,M,low,,,,
C100568,2024-12-11,paid,CanTho,45-54,F,medium,,,,
C100569,2024-12-12,campaign,Hanoi,35-44,F,low,2024-12-14,2024-12-15,,
C100570,2024-12-13,organic,Hanoi,18-24,F,medium,2024-12-18,2024-12-19,2024-12-23,
C100571,2024-12-14,paid,HCMC,35-44,M,low,2024-12-18,2024-12-20,2024-12-21,2024-12-22
C100572,2024-12-14,organic,HCMC,35-44,F,low,2024-12-20,2024-12-22,2024-12-23,
C100573,2024-12-14,referral,Hanoi,25-34,M,low,2024-12-15,2024-12-17,,
C100574,2024-12-15,paid,Hanoi,35-44,M,low,2024-12-21,2024-12-22,2024-12-24,2024-12-25
C100575,2024-12-15,referral,HCMC,25-34,M,low,2024-12-17,2024-12-19,2024-12-21,2024-12-28
C100576,2024-12-15,referral,HCMC,25-34,M,high,2024-12-19,2024-12-22,2024-12-24,2024-12-27
C100577,2024-12-18,referral,HCMC,25-34,F,medium,,,,
C100578,2024-12-18,organic,Hanoi,35-44,F,medium,2024-12-19,2024-12-23,2024-12-26,2025-01-02
C100579,2024-12-18,paid,HCMC,18-24,F,high,,,,
C100580,2024-12-18,referral,Hanoi,35-44,F,low,2024-12-18,2024-12-19,2024-12-21,
C100581,2024-12-19,referral,HCMC,18-24,M,low,2024-12-19,2024-12-23,2024-12-25,2025-01-03
C100582,2024-12-20,campaign,Hanoi,25-34,M,medium,2024-12-25,2024-12-28,,
C100583,2024-12-21,organic,HCMC,45-54,M,medium,2024-12-27,2024-12-31,2025-01-03,2025-01-05
C100584,2024-12-22,organic,CanTho,25-34,F,low,2024-12-26,2024-12-27,2024-12-28,2025-01-03
C100585,2024-12-22,paid,HCMC,35-44,M,low,2024-12-27,2024-12-31,,
C100586,2024-12-23,organic,HCMC,25-34,M,medium,2024-12-28,2024-12-31,,
C100587,2024-12-25,paid,DaNang,55+,M,low,2024-12-26,2024-12-27,,
C100588,2024-12-25,organic,HCMC,55+,M,low,2024-12-27,2024-12-29,2025-01-01,
C100589,2024-12-25,organic,HCMC,25-34,M,low,2024-12-28,2025-01-01,2025-01-05,
C100590,2024-12-26,paid,HCMC,45-54,M,medium,2024-12-31,2025-01-02,2025-01-02,
C100591,2024-12-28,organic,HCMC,45-54,M,medium,,,,
C100592,2024-12-29,organic,HCMC,25-34,F,low,2024-12-31,2025-01-02,2025-01-03,2025-01-04
C100593,2024-12-30,organic,HCMC,25-34,M,low,2024-12-30,2025-01-02,2025-01-04,2025-01-05
C100594,2024-12-30,referral,Hanoi,25-34,M,low,2025-01-04,2025-01-08,2025-01-12,
C100595,2024-12-30,referral,HCMC,25-34,F,low,2024-12-30,2024-12-31,2024-12-31,
C100596,2024-12-31,paid,HCMC,25-34,F,low,,,,
C100597,2025-01-01,paid,HCMC,25-34,F,low,2025-01-01,2025-01-05,2025-01-05,
C100598,2025-01-01,campaign,Hanoi,25-34,F,medium,2025-01-03,2025-01-06,,
C100599,2025-01-01,organic,Hanoi,25-34,F,low,2025-01-02,2025-01-03,,
C100600,2025-01-03,paid,CanTho,25-34,M,low,,,,
C100601,2025-01-03,organic,Hanoi,55+,F,medium,2025-01-05,2025-01-08,2025-01-11,2025-01-12
C100602,2025-01-03,paid,HCMC,25-34,M,low,2025-01-08,2025-01-12,2025-01-13,
C100603,2025-01-03,organic,HCMC,35-44,M,medium,2025-01-04,2025-01-08,2025-01-10,
C100604,2025-01-04,organic,DaNang,25-34,M,medium,2025-01-05,2025-01-09,2025-01-11,
C100605,2025-01-05,campaign,Hanoi,35-44,M,low,2025-01-06,2025-01-08,2025-01-08,
C100606,2025-01-06,organic,HCMC,35-44,F,low,,,,
C100607,2025-01-08,campaign,HCMC,45-54,M,low,,,,
C100608,2025-01-09,paid,Hanoi,18-24,M,low,2025-01-14,2025-01-18,2025-01-21,
C100609,2025-01-10,paid,HCMC,35-44,M,low,,,,
C100610,2025-01-11,paid,HCMC,25-34,F,medium,,,,
C100611,2025-01-11,campaign,HCMC,25-34,F,medium,2025-01-12,2025-01-15,2025-01-16,
C100612,2025-01-11,organic,HCMC,25-34,F,low,,,,
C100613,2025-01-13,campaign,DaNang,45-54,F,low,2025-01-16,2025-01-17,,
C100614,2025-01-14,organic,HCMC,25-34,M,high,2025-01-14,2025-01-17,2025-01-17,
C100615,2025-01-14,organic,DaNang,35-44,F,medium,,,,
C100616,2025-01-15,campaign,DaNang,18-24,M,low,2025-01-15,2025-01-18,2025-01-19,
C100617,2025-01-15,organic,HCMC,55+,M,low,,,,
C100618,2025-01-16,paid,CanTho,45-54,M,medium,,,,
C100619,2025-01-17,referral,HCMC,35-44,Other,medium,2025-01-19,2025-01-21,2025-01-21,2025-01-22
C100620,2025-01-17,organic,HCMC,25-34,F,medium,2025-01-18,2025-01-21,2025-01-24,2025-01-28
C100621,2025-01-17,paid,HCMC,25-34,F,high,,,,
C100622,2025-01-18,paid,HCMC,25-34,M,medium,2025-01-21,2025-01-25,2025-01-25,
C100623,2025-01-19,paid,HCMC,35-44,F,medium,2025-01-19,2025-01-23,2025-01-24,
C100624,2025-01-20,organic,DaNang,25-34,M,low,,,,
C100625,2025-01-21,paid,DaNang,45-54,M,medium,2025-01-25,2025-01-29,,
C100626,2025-01-21,referral,HCMC,25-34,F,low,2025-01-25,2025-01-27,2025-01-28,2025-02-01
C100627,2025-01-22,organic,HCMC,45-54,F,medium,2025-01-28,2025-02-01,2025-02-01,
C100628,2025-01-23,campaign,HaiPhong,25-34,F,low,2025-01-26,2025-01-30,,
C100629,2025-01-25,campaign,HCMC,18-24,F,low,,,,
C100630,2025-01-25,organic,Hanoi,18-24,F,low,,,,
C100631,2025-01-26,campaign,Hanoi,25-34,F,low,2025-02-01,2025-02-04,2025-02-08,2025-02-08
C100632,2025-01-26,campaign,Hanoi,45-54,M,medium,,,,
C100633,2025-01-26,organic,HCMC,45-54,M,low,2025-01-28,2025-01-29,2025-01-29,2025-02-06
C100634,2025-01-27,paid,HCMC,35-44,F,medium,2025-02-02,2025-02-06,2025-02-07,
C100635,2025-01-28,campaign,HCMC,25-34,F,low,2025-02-03,2025-02-06,2025-02-06,2025-02-11
C100636,2025-01-29,referral,DaNang,25-34,F,medium,2025-01-30,2025-02-02,2025-02-02,
C100637,2025-01-29,organic,Hanoi,25-34,F,high,2025-01-29,2025-02-01,2025-02-04,
C100638,2025-01-30,organic,DaNang,35-44,M,low,,,,
C100639,2025-02-02,paid,HCMC,18-24,M,low,,,,
C100640,2025-02-02,organic,HCMC,25-34,F,medium,2025-02-08,2025-02-12,,
C100641,2025-02-03,organic,CanTho,25-34,M,low,2025-02-06,2025-02-08,2025-02-08,2025-02-11
C100642,2025-02-04,organic,HCMC,35-44,M,low,2025-02-08,2025-02-09,2025-02-10,2025-02-17
C100643,2025-02-04,organic,HCMC,35-44,F,low,2025-02-10,2025-02-13,,
C100644,2025-02-04,organic,HCMC,18-24,M,low,,,,
C100645,2025-02-04,organic,HCMC,25-34,F,low,2025-02-08,2025-02-11,2025-02-11,2025-02-15
C100646,2025-02-04,paid,Hanoi,45-54,M,low,2025-02-05,2025-02-06,2025-02-08,2025-02-15
C100647,2025-02-04,campaign,CanTho,45-54,F,medium,2025-02-04,2025-02-05,2025-02-06,
C100648,2025-02-05,organic,Hanoi,25-34,F,medium,2025-02-11,2025-02-14,,
C100649,2025-02-06,organic,HCMC,45-54,M,low,2025-02-08,2025-02-10,2025-02-12,2025-02-14
C100650,2025-02-06,referral,CanTho,25-34,M,medium,2025-02-07,2025-02-09,2025-02-13,
C100651,2025-02-07,referral,HCMC,25-34,M,medium,2025-02-12,2025-02-15,2025-02-15,2025-02-19
C100652,2025-02-08,organic,HCMC,35-44,F,low,,,,
C100653,2025-02-08,paid,HCMC,18-24,F,low,,,,
C100654,2025-02-09,organic,CanTho,25-34,F,high,2025-02-11,2025-02-14,2025-02-15,2025-02-20
C100655,2025-02-09,campaign,HCMC,45-54,M,low,2025-02-11,2025-02-15,,
C100656,2025-02-09,organic,DaNang,25-34,M,low,,,,
C100657,2025-02-10,paid,Hanoi,18-24,M,low,2025-02-13,2025-02-15,2025-02-17,
C100658,2025-02-10,paid,Hanoi,35-44,F,high,2025-02-15,2025-02-16,2025-02-20,
C100659,2025-02-10,paid,DaNang,35-44,M,low,,,,
C100660,2025-02-10,organic,HCMC,25-34,F,medium,2025-02-15,2025-02-16,2025-02-18,
C100661,2025-02-12,organic,HCMC,25-34,M,low,2025-02-12,2025-02-13,2025-02-13,2025-02-21
C100662,2025-02-14,organic,CanTho,25-34,F,medium,,,,
C100663,2025-02-15,paid,Hanoi,18-24,M,low,2025-02-16,2025-02-19,,
C100664,2025-02-15,organic,HCMC,35-44,M,low,,,,
C100665,2025-02-17,paid,Hanoi,25-34,M,low,2025-02-20,2025-02-23,2025-02-23,2025-03-03
C100666,2025-02-17,paid,Hanoi,35-44,F,low,2025-02-19,2025-02-20,2025-02-22,
C100667,2025-02-19,paid,Hanoi,35-44,M,low,2025-02-22,2025-02-26,2025-02-27,2025-03-07
C100668,2025-02-20,campaign,Hanoi,18-24,M,low,2025-02-23,2025-02-25,2025-02-26,
C100669,2025-02-21,paid,Hanoi,35-44,M,low,2025-02-23,2025-02-24,,
C100670,2025-02-21,paid,HCMC,18-24,F,low,2025-02-26,2025-02-27,2025-02-28,
C100671,2025-02-22,paid,Hanoi,35-44,F,medium,2025-02-25,2025-02-26,2025-02-28,2025-03-03
C100672,2025-02-23,paid,CanTho,18-24,M,medium,2025-03-01,2025-03-02,2025-03-03,
C100673,2025-02-24,organic,CanTho,35-44,F,medium,2025-02-25,2025-02-28,,
C100674,2025-02-25,organic,HCMC,25-34,F,low,2025-03-02,2025-03-03,2025-03-05,2025-03-10
C100675,2025-02-25,paid,HCMC,25-34,M,high,,,,
C100676,2025-02-26,organic,HCMC,35-44,M,low,2025-03-04,2025-03-05,2025-03-09,
C100677,2025-02-26,paid,HCMC,35-44,F,medium,2025-03-04,2025-03-06,,
C100678,2025-02-27,referral,HCMC,18-24,F,high,2025-02-27,2025-03-02,2025-03-06,2025-03-12
C100679,2025-02-28,referral,HCMC,18-24,F,medium,2025-03-06,2025-03-10,2025-03-11,
C100680,2025-02-28,referral,Hanoi,55+,F,low,,,,
C100681,2025-03-01,organic,HCMC,25-34,M,medium,2025-03-03,2025-03-07,2025-03-10,2025-03-18
C100682,2025-03-01,organic,Hanoi,45-54,M,low,,,,
C100683,2025-03-03,organic,HCMC,25-34,M,medium,2025-03-08,2025-03-12,2025-03-13,
C100684,2025-03-03,paid,HaiPhong,35-44,M,low,2025-03-07,2025-03-10,2025-03-11,
C100685,2025-03-03,organic,HCMC,18-24,F,high,2025-03-03,2025-03-06,2025-03-06,2025-03-08
C100686,2025-03-04,organic,CanTho,25-34,F,medium,2025-03-07,2025-03-08,2025-03-08,2025-03-08
C100687,2025-03-04,campaign,Hanoi,35-44,M,medium,2025-03-07,2025-03-11,2025-03-14,2025-03-16
C100688,2025-03-04,organic,CanTho,25-34,F,low,2025-03-06,2025-03-09,2025-03-12,2025-03-19
C100689,2025-03-04,organic,HCMC,35-44,M,high,,,,
C100690,2025-03-05,paid,HCMC,45-54,M,low,2025-03-05,2025-03-08,2025-03-12,
C100691,2025-03-05,paid,Hanoi,45-54,M,medium,2025-03-09,2025-03-12,2025-03-16,
C100692,2025-03-05,paid,HCMC,25-34,F,medium,2025-03-06,2025-03-10,2025-03-13,2025-03-18
C100693,2025-03-08,organic,HCMC,45-54,F,low,,,,
C100694,2025-03-09,paid,Hanoi,35-44,M,low,,,,
C100695,2025-03-09,organic,HCMC,25-34,M,low,2025-03-10,2025-03-11,2025-03-13,2025-03-21
C100696,2025-03-10,paid,DaNang,35-44,F,low,2025-03-11,2025-03-15,2025-03-15,2025-03-22
C100697,2025-03-10,campaign,Hanoi,25-34,M,low,2025-03-15,2025-03-17,2025-03-18,2025-03-26
C100698,2025-03-10,organic,Hanoi,25-34,F,low,,,,
C100699,2025-03-11,paid,Hanoi,25-34,F,high,,,,
C100700,2025-03-12,referral,CanTho,25-34,M,low,,,,
C100701,2025-03-12,paid,HCMC,18-24,M,low,2025-03-15,2025-03-16,,
C100702,2025-03-12,organic,HCMC,45-54,M,low,2025-03-12,2025-03-15,,
C100703,2025-03-13,organic,HCMC,45-54,M,medium,2025-03-14,2025-03-15,,
C100704,2025-03-13,paid,HaiPhong,25-34,M,low,2025-03-13,2025-03-17,2025-03-18,
C100705,2025-03-14,organic,HCMC,55+,F,low,,,,
C100706,2025-03-14,referral,Hanoi,18-24,F,low,2025-03-14,2025-03-16,2025-03-18,
C100707,2025-03-15,paid,HCMC,18-24,M,low,2025-03-20,2025-03-23,2025-03-26,2025-04-03
C100708,2025-03-15,organic,CanTho,35-44,M,low,2025-03-19,2025-03-23,2025-03-26,2025-03-31
C100709,2025-03-15,referral,HCMC,25-34,M,medium,,,,
C100710,2025-03-16,organic,Hanoi,25-34,Other,medium,2025-03-20,2025-03-22,,
C100711,2025-03-17,paid,HCMC,18-24,M,high,,,,
C100712,2025-03-17,paid,CanTho,25-34,M,low,2025-03-19,2025-03-21,2025-03-25,2025-03-28
C100713,2025-03-18,organic,HCMC,18-24,M,low,,,,
C100714,2025-03-19,referral,Hanoi,35-44,M,low,2025-03-23,2025-03-26,2025-03-26,2025-04-04
C100715,2025-03-19,paid,Hanoi,18-24,F,medium,,,,
C100716,2025-03-19,organic,HCMC,25-34,F,medium,,,,
C100717,2025-03-19,organic,Hanoi,45-54,F,low,,,,
C100718,2025-03-20,organic,HCMC,35-44,M,low,2025-03-21,2025-03-22,2025-03-22,2025-03-26
C100719,2025-03-20,campaign,DaNang,25-34,F,low,2025-03-21,2025-03-23,2025-03-27,
C100720,2025-03-20,paid,Hanoi,18-24,F,low,,,,
C100721,2025-03-20,campaign,HCMC,55+,M,medium,2025-03-26,2025-03-28,2025-03-29,
C100722,2025-03-22,referral,HCMC,18-24,M,low,2025-03-26,2025-03-29,,
C100723,2025-03-24,referral,HCMC,25-34,M,medium,2025-03-28,2025-04-01,2025-04-04,2025-04-04
C100724,2025-03-24,organic,HCMC,25-34,F,low,,,,
C100725,2025-03-24,referral,HCMC,35-44,F,medium,2025-03-29,2025-04-02,2025-04-03,2025-04-05
C100726,2025-03-24,organic,Hanoi,35-44,F,high,2025-03-30,2025-04-01,2025-04-01,2025-04-10
C100727,2025-03-24,referral,Hanoi,45-54,M,medium,2025-03-25,2025-03-29,2025-03-31,
C100728,2025-03-25,paid,HaiPhong,55+,F,low,2025-03-30,2025-04-01,2025-04-05,
C100729,2025-03-26,paid,Hanoi,35-44,M,high,2025-03-30,2025-04-03,2025-04-07,
C100730,2025-03-29,organic,DaNang,25-34,M,low,2025-04-01,2025-04-02,2025-04-06,2025-04-09
C100731,2025-03-29,paid,HCMC,25-34,F,medium,,,,
C100732,2025-03-31,paid,Hanoi,45-54,M,low,2025-04-04,2025-04-05,2025-04-08,
C100733,2025-04-01,paid,HCMC,35-44,Other,high,2025-04-03,2025-04-04,2025-04-08,2025-04-17
C100734,2025-04-01,organic,HCMC,35-44,M,medium,2025-04-06,2025-04-08,2025-04-11,2025-04-13
C100735,2025-04-01,organic,HCMC,45-54,M,medium,2025-04-01,2025-04-03,2025-04-06,2025-04-12
C100736,2025-04-01,paid,Hanoi,25-34,F,low,2025-04-05,2025-04-08,,
C100737,2025-04-02,referral,HCMC,45-54,F,low,2025-04-04,2025-04-05,,
C100738,2025-04-03,organic,HCMC,35-44,M,low,2025-04-07,2025-04-08,2025-04-10,2025-04-10
C100739,2025-04-03,referral,HCMC,25-34,M,medium,2025-04-06,2025-04-09,2025-04-11,
C100740,2025-04-04,campaign,HaiPhong,35-44,M,medium,2025-04-06,2025-04-09,2025-04-12,
C100741,2025-04-04,organic,HCMC,18-24,F,medium,2025-04-10,2025-04-14,,
C100742,2025-04-05,paid,CanTho,18-24,F,medium,,,,
C100743,2025-04-05,organic,HaiPhong,45-54,F,medium,2025-04-09,2025-04-12,2025-04-14,
C100744,2025-04-06,organic,Hanoi,55+,F,high,2025-04-11,2025-04-12,,
C100745,2025-04-06,organic,HaiPhong,25-34,F,low,2025-04-10,2025-04-12,2025-04-14,
C100746,2025-04-07,organic,HaiPhong,25-34,M,low,2025-04-10,2025-04-12,2025-04-15,2025-04-23
C100747,2025-04-07,organic,DaNang,25-34,F,low,,,,
C100748,2025-04-09,paid,Hanoi,45-54,F,low,2025-04-15,2025-04-17,2025-04-20,2025-04-23
C100749,2025-04-10,paid,HCMC,25-34,F,low,2025-04-10,2025-04-12,2025-04-12,
C100750,2025-04-11,organic,HCMC,35-44,F,low,2025-04-15,2025-04-19,2025-04-20,
C100751,2025-04-11,referral,HCMC,45-54,F,low,2025-04-14,2025-04-16,2025-04-16,2025-04-25
C100752,2025-04-12,campaign,HCMC,25-34,M,low,,,,
C100753,2025-04-13,paid,Hanoi,55+,F,low,2025-04-13,2025-04-15,2025-04-18,
C100754,2025-04-13,organic,HCMC,25-34,M,medium,,,,
C100755,2025-04-14,paid,DaNang,35-44,M,low,2025-04-14,2025-04-15,2025-04-17,2025-04-26
C100756,2025-04-14,organic,HCMC,25-34,F,medium,2025-04-14,2025-04-18,2025-04-22,
C100757,2025-04-15,referral,Hanoi,25-34,F,medium,2025-04-15,2025-04-19,2025-04-23,2025-05-02
C100758,2025-04-15,organic,HCMC,35-44,M,medium,2025-04-15,2025-04-19,,
C100759,2025-04-17,organic,HCMC,25-34,M,medium,2025-04-17,2025-04-18,2025-04-22,
C100760,2025-04-17,organic,DaNang,45-54,M,low,2025-04-17,2025-04-19,2025-04-23,
C100761,2025-04-19,organic,HCMC,55+,M,high,2025-04-19,2025-04-21,2025-04-22,2025-04-29
C100762,2025-04-20,organic,Hanoi,25-34,M,low,2025-04-22,2025-04-23,2025-04-23,2025-04-29
C100763,2025-04-20,campaign,HCMC,25-34,F,low,,,,
C100764,2025-04-20,paid,Hanoi,18-24,M,medium,,,,
C100765,2025-04-20,paid,HCMC,25-34,M,medium,2025-04-24,2025-04-26,2025-04-27,
C100766,2025-04-21,campaign,HCMC,35-44,F,low,2025-04-22,2025-04-25,2025-04-26,2025-05-05
C100767,2025-04-21,paid,Hanoi,18-24,M,medium,2025-04-23,2025-04-27,2025-04-30,2025-05-01
C100768,2025-04-21,paid,Hanoi,55+,M,medium,2025-04-27,2025-05-01,2025-05-05,2025-05-08
C100769,2025-04-21,organic,Hanoi,18-24,M,low,2025-04-26,2025-04-27,2025-04-30,2025-05-08
C100770,2025-04-21,organic,HCMC,25-34,M,low,,,,
C100771,2025-04-21,paid,DaNang,18-24,F,high,2025-04-26,2025-04-30,2025-05-04,2025-05-06
C100772,2025-04-21,referral,HCMC,25-34,M,medium,2025-04-22,2025-04-23,2025-04-23,2025-05-02
C100773,2025-04-22,organic,HaiPhong,45-54,M,low,,,,
C100774,2025-04-22,paid,CanTho,25-34,F,low,2025-04-25,2025-04-29,2025-05-01,2025-05-04
C100775,2025-04-22,organic,DaNang,45-54,M,low,2025-04-23,2025-04-25,2025-04-29,2025-04-29
C100776,2025-04-23,organic,HCMC,45-54,M,low,2025-04-28,2025-05-01,,
C100777,2025-04-24,paid,Hanoi,25-34,F,medium,2025-04-27,2025-05-01,2025-05-03,
C100778,2025-04-24,campaign,HaiPhong,18-24,M,low,2025-04-30,2025-05-01,2025-05-03,
C100779,2025-04-25,campaign,Hanoi,45-54,M,low,,,,
C100780,2025-04-25,paid,Hanoi,45-54,M,medium,2025-04-27,2025-04-29,2025-04-30,
C100781,2025-04-25,organic,HCMC,25-34,M,high,,,,
C100782,2025-04-25,organic,HCMC,18-24,F,low,2025-04-29,2025-05-03,2025-05-07,
C100783,2025-04-26,paid,Hanoi,45-54,F,low,2025-04-28,2025-05-02,2025-05-02,
C100784,2025-04-26,campaign,Hanoi,35-44,M,low,,,,
C100785,2025-04-26,organic,Hanoi,25-34,M,low,2025-04-29,2025-05-02,2025-05-04,
C100786,2025-04-27,referral,HCMC,18-24,F,medium,2025-04-28,2025-05-02,2025-05-02,2025-05-09
C100787,2025-04-28,referral,HCMC,25-34,F,low,2025-04-30,2025-05-02,,
C100788,2025-04-28,organic,CanTho,45-54,M,high,,,,
C100789,2025-04-30,campaign,HCMC,18-24,M,medium,2025-05-05,2025-05-09,2025-05-11,2025-05-19
C100790,2025-05-01,paid,HaiPhong,35-44,M,low,,,,
C100791,2025-05-01,referral,HCMC,25-34,F,low,2025-05-03,2025-05-07,2025-05-07,
C100792,2025-05-01,paid,Hanoi,35-44,M,low,2025-05-02,2025-05-04,2025-05-04,
C100793,2025-05-02,paid,Hanoi,25-34,M,medium,2025-05-06,2025-05-07,2025-05-09,
C100794,2025-05-03,referral,Hanoi,35-44,M,low,2025-05-07,2025-05-10,2025-05-11,2025-05-17
C100795,2025-05-05,referral,DaNang,18-24,M,low,2025-05-06,2025-05-07,,
C100796,2025-05-05,organic,DaNang,45-54,F,medium,2025-05-09,2025-05-13,2025-05-16,2025-05-17
C100797,2025-05-05,organic,DaNang,55+,M,high,2025-05-09,2025-05-12,2025-05-16,
C100798,2025-05-06,campaign,HCMC,25-34,M,low,2025-05-06,2025-05-09,2025-05-09,2025-05-13
C100799,2025-05-06,organic,HCMC,25-34,F,low,2025-05-12,2025-05-14,2025-05-17,2025-05-24
C100800,2025-05-08,organic,HCMC,35-44,M,medium,2025-05-13,2025-05-14,,
C100801,2025-05-09,organic,HCMC,18-24,M,medium,,,,
C100802,2025-05-09,organic,Hanoi,18-24,F,low,2025-05-13,2025-05-14,2025-05-18,2025-05-24
C100803,2025-05-09,paid,Hanoi,35-44,F,low,2025-05-10,2025-05-14,2025-05-14,
C100804,2025-05-09,organic,Hanoi,25-34,M,medium,,,,
C100805,2025-05-09,organic,Hanoi,35-44,F,high,2025-05-09,2025-05-13,2025-05-13,2025-05-14
C100806,2025-05-09,paid,Hanoi,18-24,M,low,2025-05-13,2025-05-14,,
C100807,2025-05-09,organic,HCMC,45-54,M,medium,2025-05-09,2025-05-13,,
C100808,2025-05-09,referral,CanTho,35-44,Other,medium,2025-05-15,2025-05-17,,
C100809,2025-05-09,paid,DaNang,18-24,M,low,,,,
C100810,2025-05-10,organic,DaNang,35-44,M,low,2025-05-10,2025-05-11,2025-05-11,
C100811,2025-05-10,paid,CanTho,55+,M,medium,2025-05-10,2025-05-12,,
C100812,2025-05-10,paid,HCMC,25-34,F,medium,,,,
C100813,2025-05-11,paid,HCMC,55+,M,medium,2025-05-17,2025-05-19,2025-05-19,2025-05-28
C100814,2025-05-12,organic,Hanoi,55+,F,medium,2025-05-13,2025-05-17,2025-05-19,2025-05-25
C100815,2025-05-12,campaign,HCMC,45-54,F,low,,,,
C100816,2025-05-12,organic,Hanoi,25-34,M,low,2025-05-13,2025-05-15,2025-05-18,2025-05-22
C100817,2025-05-12,organic,Hanoi,25-34,M,low,2025-05-15,2025-05-19,2025-05-23,
C100818,2025-05-14,paid,Hanoi,25-34,F,low,2025-05-18,2025-05-19,2025-05-22,
C100819,2025-05-16,campaign,HCMC,35-44,M,medium,2025-05-16,2025-05-20,2025-05-23,2025-05-31
C100820,2025-05-17,organic,Hanoi,18-24,M,medium,2025-05-20,2025-05-24,2025-05-25,
C100821,2025-05-17,organic,HCMC,25-34,F,low,2025-05-23,2025-05-26,2025-05-26,2025-06-02
C100822,2025-05-17,paid,HCMC,25-34,F,medium,,,,
C100823,2025-05-17,campaign,HCMC,45-54,M,low,2025-05-18,2025-05-20,2025-05-22,
C100824,2025-05-20,paid,DaNang,45-54,M,medium,,,,
C100825,2025-05-20,campaign,HCMC,25-34,M,low,,,,
C100826,2025-05-20,organic,DaNang,35-44,M,low,,,,
C100827,2025-05-21,referral,Hanoi,35-44,F,medium,,,,
C100828,2025-05-23,organic,Hanoi,25-34,F,low,2025-05-29,2025-06-01,2025-06-03,2025-06-10
C100829,2025-05-23,paid,HCMC,25-34,M,low,2025-05-26,2025-05-28,,
C100830,2025-05-23,referral,HaiPhong,18-24,M,low,2025-05-25,2025-05-29,,
C100831,2025-05-24,organic,Hanoi,35-44,F,high,2025-05-28,2025-06-01,,
C100832,2025-05-26,referral,HCMC,25-34,M,low,2025-05-29,2025-06-02,2025-06-05,
C100833,2025-05-27,paid,DaNang,25-34,M,low,,,,
C100834,2025-05-27,organic,Hanoi,25-34,M,low,2025-05-27,2025-05-28,2025-05-31,2025-06-06
C100835,2025-05-27,organic,DaNang,18-24,F,low,2025-05-28,2025-05-29,2025-05-29,
C100836,2025-05-28,paid,Hanoi,25-34,F,low,2025-05-31,2025-06-02,2025-06-03,2025-06-06
C100837,2025-05-29,organic,HaiPhong,18-24,M,medium,2025-06-01,2025-06-05,2025-06-05,2025-06-05
C100838,2025-05-30,paid,CanTho,18-24,F,low,,,,
C100839,2025-05-30,organic,Hanoi,35-44,M,medium,2025-06-02,2025-06-04,2025-06-06,
C100840,2025-05-30,organic,DaNang,18-24,M,low,,,,
C100841,2025-05-31,organic,HCMC,35-44,F,low,2025-05-31,2025-06-04,2025-06-04,2025-06-04
C100842,2025-05-31,paid,DaNang,25-34,M,low,,,,
C100843,2025-05-31,organic,Hanoi,25-34,F,low,,,,
C100844,2025-05-31,organic,CanTho,35-44,M,low,2025-06-06,2025-06-08,2025-06-10,
C100845,2025-05-31,paid,DaNang,25-34,M,medium,,,,
C100846,2025-06-01,organic,Hanoi,45-54,M,low,2025-06-01,2025-06-05,2025-06-06,2025-06-11
C100847,2025-06-03,paid,DaNang,55+,F,high,,,,
C100848,2025-06-03,organic,Hanoi,25-34,M,low,2025-06-08,2025-06-12,2025-06-14,2025-06-19
C100849,2025-06-04,referral,Hanoi,25-34,M,low,2025-06-08,2025-06-12,2025-06-13,
C100850,2025-06-04,organic,HaiPhong,35-44,F,low,,,,
C100851,2025-06-04,organic,Hanoi,18-24,M,medium,2025-06-08,2025-06-10,2025-06-12,
C100852,2025-06-05,campaign,HCMC,25-34,F,low,2025-06-11,2025-06-14,2025-06-16,2025-06-25
C100853,2025-06-06,organic,HCMC,18-24,F,low,,,,
C100854,2025-06-06,paid,HCMC,25-34,F,medium,,,,
C100855,2025-06-07,paid,Hanoi,35-44,M,medium,,,,
C100856,2025-06-07,organic,Hanoi,35-44,F,high,,,,
C100857,2025-06-08,paid,HCMC,25-34,F,low,2025-06-10,2025-06-14,2025-06-15,2025-06-19
C100858,2025-06-08,referral,Hanoi,55+,F,low,2025-06-12,2025-06-13,2025-06-15,
C100859,2025-06-08,paid,HaiPhong,18-24,M,low,2025-06-13,2025-06-14,2025-06-15,2025-06-17
C100860,2025-06-10,organic,DaNang,25-34,F,low,2025-06-15,2025-06-16,,
C100861,2025-06-10,organic,Hanoi,35-44,F,medium,,,,
C100862,2025-06-11,referral,Hanoi,25-34,M,medium,,,,
C100863,2025-06-11,campaign,CanTho,35-44,F,medium,2025-06-11,2025-06-12,,
C100864,2025-06-12,organic,HCMC,18-24,M,low,2025-06-16,2025-06-19,2025-06-23,
C100865,2025-06-13,organic,DaNang,35-44,M,low,2025-06-18,2025-06-20,2025-06-20,2025-06-23
C100866,2025-06-13,paid,Hanoi,18-24,M,low,2025-06-18,2025-06-20,2025-06-21,2025-06-21
C100867,2025-06-16,referral,HCMC,25-34,M,low,2025-06-17,2025-06-20,2025-06-21,2025-06-28
C100868,2025-06-16,referral,Hanoi,18-24,F,low,2025-06-18,2025-06-21,2025-06-21,
C100869,2025-06-17,referral,HCMC,35-44,M,low,2025-06-17,2025-06-20,2025-06-24,
C100870,2025-06-17,paid,HCMC,18-24,F,low,,,,
C100871,2025-06-18,paid,HCMC,55+,M,high,,,,
C100872,2025-06-19,organic,HCMC,25-34,M,medium,2025-06-20,2025-06-22,2025-06-26,2025-07-01
C100873,2025-06-19,paid,Hanoi,25-34,M,medium,2025-06-25,2025-06-28,,
C100874,2025-06-19,paid,HCMC,25-34,F,low,2025-06-20,2025-06-22,2025-06-26,
C100875,2025-06-20,organic,CanTho,25-34,F,medium,2025-06-23,2025-06-24,2025-06-26,2025-07-04
C100876,2025-06-20,organic,HCMC,25-34,M,low,,,,
C100877,2025-06-21,organic,DaNang,35-44,F,low,2025-06-25,2025-06-27,2025-06-30,2025-07-03
C100878,2025-06-22,paid,Hanoi,35-44,M,high,,,,
C100879,2025-06-22,organic,HCMC,35-44,M,low,2025-06-22,2025-06-26,2025-06-28,
C100880,2025-06-22,referral,CanTho,45-54,M,medium,2025-06-27,2025-07-01,2025-07-02,2025-07-02
C100881,2025-06-23,paid,Hanoi,35-44,M,medium,2025-06-28,2025-06-29,2025-07-01,2025-07-10
C100882,2025-06-23,organic,HCMC,18-24,F,low,,,,
C100883,2025-06-23,organic,CanTho,25-34,F,low,2025-06-24,2025-06-28,2025-06-28,
C100884,2025-06-25,organic,HCMC,25-34,M,medium,2025-06-25,2025-06-27,,
C100885,2025-06-26,organic,Hanoi,25-34,F,low,,,,
C100886,2025-06-26,campaign,Hanoi,25-34,M,low,2025-06-29,2025-07-02,2025-07-02,
C100887,2025-06-27,organic,Hanoi,25-34,M,medium,2025-07-03,2025-07-06,2025-07-06,
C100888,2025-06-27,campaign,Hanoi,35-44,M,medium,,,,
C100889,2025-06-27,organic,DaNang,25-34,F,medium,2025-07-02,2025-07-06,2025-07-10,2025-07-12
C100890,2025-06-27,organic,DaNang,45-54,F,low,2025-06-28,2025-07-02,2025-07-04,
C100891,2025-06-27,paid,HCMC,35-44,F,low,2025-07-01,2025-07-02,,
C100892,2025-06-28,organic,Hanoi,18-24,M,low,2025-06-30,2025-07-02,2025-07-03,2025-07-11
C100893,2025-06-29,organic,Hanoi,55+,F,high,2025-06-30,2025-07-04,2025-07-08,
C100894,2025-06-29,paid,HCMC,18-24,M,low,,,,
C100895,2025-06-30,organic,HCMC,25-34,F,medium,2025-06-30,2025-07-04,2025-07-08,2025-07-13
C100896,2025-07-01,paid,DaNang,18-24,F,low,2025-07-06,2025-07-10,2025-07-12,2025-07-20
C100897,2025-07-02,organic,HCMC,25-34,M,medium,2025-07-03,2025-07-05,2025-07-09,
C100898,2025-07-02,organic,HCMC,35-44,M,high,2025-07-04,2025-07-07,2025-07-11,
C100899,2025-07-03,referral,Hanoi,25-34,M,medium,2025-07-08,2025-07-12,2025-07-14,
C100900,2025-07-04,paid,Hanoi,45-54,M,low,2025-07-05,2025-07-06,2025-07-07,
C100901,2025-07-04,organic,DaNang,18-24,F,low,,,,
C100902,2025-07-04,organic,CanTho,55+,F,medium,2025-07-07,2025-07-09,2025-07-12,
C100903,2025-07-05,organic,HCMC,35-44,M,low,,,,
C100904,2025-07-06,organic,HCMC,18-24,M,low,2025-07-12,2025-07-16,2025-07-19,2025-07-25
C100905,2025-07-06,paid,HCMC,18-24,F,low,2025-07-07,2025-07-10,,
C100906,2025-07-07,organic,CanTho,18-24,F,high,2025-07-10,2025-07-11,2025-07-11,
C100907,2025-07-08,organic,CanTho,35-44,M,medium,,,,
C100908,2025-07-08,organic,HCMC,25-34,M,low,2025-07-14,2025-07-18,2025-07-22,2025-07-25
C100909,2025-07-09,organic,DaNang,55+,F,low,2025-07-15,2025-07-19,2025-07-23,2025-07-31
C100910,2025-07-09,organic,Hanoi,18-24,F,low,2025-07-14,2025-07-18,2025-07-18,2025-07-25
C100911,2025-07-09,organic,HaiPhong,45-54,F,low,2025-07-14,2025-07-16,2025-07-16,
C100912,2025-07-09,organic,Hanoi,25-34,M,medium,2025-07-12,2025-07-16,2025-07-19,
C100913,2025-07-11,organic,CanTho,18-24,M,low,2025-07-16,2025-07-17,2025-07-17,
C100914,2025-07-11,organic,Hanoi,35-44,M,low,2025-07-15,2025-07-16,2025-07-19,2025-07-21
C100915,2025-07-13,organic,HCMC,35-44,M,medium,2025-07-18,2025-07-22,,
C100916,2025-07-13,organic,DaNang,25-34,M,medium,,,,
C100917,2025-07-13,campaign,HCMC,25-34,M,low,2025-07-17,2025-07-19,,
C100918,2025-07-14,organic,DaNang,18-24,M,low,,,,
C100919,2025-07-14,paid,Hanoi,18-24,M,medium,,,,
C100920,2025-07-15,referral,HCMC,35-44,M,medium,2025-07-18,2025-07-22,2025-07-25,
C100921,2025-07-15,referral,Hanoi,25-34,F,low,2025-07-18,2025-07-20,2025-07-22,2025-07-29
C100922,2025-07-15,paid,CanTho,25-34,M,low,2025-07-15,2025-07-18,2025-07-18,2025-07-23
C100923,2025-07-17,referral,HCMC,25-34,F,medium,2025-07-17,2025-07-21,2025-07-21,2025-07-28
C100924,2025-07-18,paid,HCMC,55+,F,low,2025-07-21,2025-07-25,2025-07-28,
C100925,2025-07-18,organic,CanTho,25-34,M,high,2025-07-23,2025-07-27,2025-07-28,2025-08-05
C100926,2025-07-20,paid,HCMC,25-34,M,medium,2025-07-25,2025-07-26,2025-07-30,
C100927,2025-07-20,paid,HCMC,18-24,M,low,2025-07-25,2025-07-28,2025-07-30,2025-08-08
C100928,2025-07-20,referral,Hanoi,18-24,F,low,2025-07-21,2025-07-24,2025-07-27,2025-08-02
C100929,2025-07-21,organic,DaNang,35-44,M,medium,,,,
C100930,2025-07-21,paid,HaiPhong,25-34,M,low,,,,
C100931,2025-07-23,organic,HCMC,35-44,F,low,,,,
C100932,2025-07-23,organic,HCMC,25-34,M,medium,2025-07-26,2025-07-29,2025-07-29,2025-08-06
C100933,2025-07-24,organic,HaiPhong,25-34,M,low,2025-07-30,2025-07-31,2025-08-03,
C100934,2025-07-24,organic,Hanoi,35-44,F,medium,,,,
C100935,2025-07-27,referral,CanTho,35-44,F,low,2025-07-29,2025-07-31,2025-07-31,
C100936,2025-07-27,referral,HCMC,25-34,F,high,2025-07-31,2025-08-02,2025-08-06,2025-08-09
C100937,2025-07-28,organic,HCMC,35-44,F,low,2025-08-03,2025-08-04,2025-08-04,2025-08-10
C100938,2025-07-28,paid,CanTho,35-44,M,medium,,,,
C100939,2025-07-28,campaign,HCMC,45-54,M,medium,2025-07-31,2025-08-03,,
C100940,2025-07-29,paid,HCMC,35-44,M,high,2025-08-03,2025-08-06,2025-08-08,
C100941,2025-07-30,organic,HCMC,45-54,F,low,,,,
C100942,2025-07-31,paid,HCMC,25-34,M,low,2025-08-04,2025-08-06,2025-08-08,
C100943,2025-08-01,organic,HCMC,18-24,F,medium,,,,
C100944,2025-08-02,paid,HCMC,18-24,F,low,2025-08-08,2025-08-09,2025-08-13,2025-08-15
C100945,2025-08-02,paid,HCMC,25-34,M,low,2025-08-06,2025-08-09,2025-08-11,2025-08-17
C100946,2025-08-02,organic,Hanoi,25-34,F,medium,2025-08-04,2025-08-06,2025-08-09,2025-08-14
C100947,2025-08-03,paid,Hanoi,25-34,F,medium,2025-08-09,2025-08-11,2025-08-12,2025-08-21
C100948,2025-08-04,paid,Hanoi,18-24,M,low,2025-08-04,2025-08-08,,
C100949,2025-08-04,paid,HCMC,25-34,F,high,2025-08-05,2025-08-09,2025-08-12,
C100950,2025-08-05,organic,Hanoi,25-34,F,high,,,,
C100951,2025-08-05,paid,Hanoi,18-24,M,low,2025-08-08,2025-08-09,2025-08-10,2025-08-10
C100952,2025-08-06,organic,HCMC,45-54,M,medium,2025-08-12,2025-08-15,,
C100953,2025-08-06,paid,Hanoi,25-34,F,low,2025-08-08,2025-08-12,2025-08-13,
C100954,2025-08-06,paid,HaiPhong,18-24,F,low,2025-08-09,2025-08-12,2025-08-16,2025-08-25
C100955,2025-08-06,organic,DaNang,25-34,M,low,2025-08-07,2025-08-09,2025-08-12,
C100956,2025-08-07,referral,Hanoi,35-44,F,low,2025-08-10,2025-08-11,2025-08-13,2025-08-15
C100957,2025-08-07,paid,HCMC,18-24,M,medium,,,,
C100958,2025-08-08,organic,HCMC,25-34,F,medium,2025-08-11,2025-08-12,2025-08-13,2025-08-21
C100959,2025-08-11,referral,HCMC,35-44,M,low,2025-08-11,2025-08-12,,
C100960,2025-08-11,paid,HCMC,18-24,M,low,,,,
C100961,2025-08-11,campaign,Hanoi,25-34,M,low,,,,
C100962,2025-08-12,paid,Hanoi,45-54,M,low,2025-08-13,2025-08-15,2025-08-18,2025-08-26
C100963,2025-08-12,paid,HCMC,35-44,M,low,2025-08-12,2025-08-14,,
C100964,2025-08-12,referral,Hanoi,25-34,M,low,2025-08-18,2025-08-19,2025-08-19,2025-08-27
C100965,2025-08-12,organic,HCMC,18-24,M,medium,2025-08-17,2025-08-21,2025-08-22,2025-08-26
C100966,2025-08-12,organic,DaNang,45-54,F,high,2025-08-14,2025-08-16,,
C100967,2025-08-12,organic,CanTho,55+,M,low,2025-08-14,2025-08-15,2025-08-17,2025-08-19
C100968,2025-08-13,organic,HaiPhong,35-44,M,low,2025-08-18,2025-08-22,2025-08-25,2025-08-26
C100969,2025-08-14,campaign,Hanoi,25-34,M,low,,,,
C100970,2025-08-15,paid,CanTho,35-44,M,medium,,,,
C100971,2025-08-16,paid,Hanoi,45-54,M,low,2025-08-16,2025-08-20,2025-08-23,2025-08-29
C100972,2025-08-17,organic,HCMC,25-34,M,medium,,,,
C100973,2025-08-19,organic,HCMC,55+,M,low,,,,
C100974,2025-08-19,organic,Hanoi,35-44,F,low,,,,
C100975,2025-08-20,campaign,Hanoi,18-24,M,low,2025-08-25,2025-08-26,2025-08-26,
C100976,2025-08-21,paid,Hanoi,25-34,M,medium,2025-08-24,2025-08-25,2025-08-29,
C100977,2025-08-22,paid,Hanoi,55+,M,low,,,,
C100978,2025-08-22,paid,Hanoi,55+,F,low,2025-08-28,,,
C100979,2025-08-22,referral,Hanoi,45-54,M,medium,2025-08-26,2025-08-29,,
C100980,2025-08-23,organic,Hanoi,25-34,F,medium,2025-08-26,2025-08-27,2025-08-30,
C100981,2025-08-23,organic,HCMC,25-34,F,low,2025-08-26,2025-08-30,2025-08-31,
C100982,2025-08-23,paid,Hanoi,35-44,M,medium,2025-08-26,2025-08-30,,
C100983,2025-08-24,paid,HCMC,18-24,F,low,2025-08-27,2025-08-30,,
C100984,2025-08-24,referral,Hanoi,45-54,F,high,2025-08-25,2025-08-29,2025-08-29,2025-08-29
C100985,2025-08-24,referral,HCMC,25-34,F,low,2025-08-27,2025-08-30,2025-08-31,
C100986,2025-08-24,referral,HCMC,35-44,F,low,,,,
C100987,2025-08-24,paid,DaNang,35-44,M,low,2025-08-26,2025-08-29,2025-08-31,
C100988,2025-08-27,paid,Hanoi,25-34,F,medium,,,,
C100989,2025-08-27,organic,CanTho,45-54,M,high,2025-08-31,,,
C100990,2025-08-28,campaign,HCMC,25-34,M,low,,,,
C100991,2025-08-28,referral,HCMC,25-34,M,medium,,,,
C100992,2025-08-29,paid,HCMC,25-34,M,medium,2025-08-31,,,
C100993,2025-08-29,referral,CanTho,35-44,F,low,2025-08-30,,,
C100994,2025-08-30,referral,Hanoi,35-44,M,low,,,,
C100995,2025-08-30,organic,DaNang,25-34,M,low,,,,
C100996,2025-08-31,paid,HCMC,25-34,F,low,,,,
C100997,2025-08-31,campaign,Hanoi,25-34,M,low,,,,
C100998,2025-08-31,organic,HCMC,18-24,F,low,,,,
C100999,2025-08-31,organic,CanTho,25-34,F,medium,,,,
